{
    "resolution": [
        576,
        1024
    ],
    "bounds": [
        1.3333333730697632,
        133.33334350585938
    ],
    "translation_scale": 1.3333333333333333,
    "train_frame_nums": [
        0,
        10,
        20,
        30
    ],
    "intrinsics": [
        [
            [
                853.7550048828125,
                0.0,
                512.0
            ],
            [
                0.0,
                853.7550048828125,
                288.0
            ],
            [
                0.0,
                0.0,
                1.0
            ]
        ],
        [
            [
                853.7550048828125,
                0.0,
                512.0
            ],
            [
                0.0,
                853.7550048828125,
                288.0
            ],
            [
                0.0,
                0.0,
                1.0
            ]
        ],
        [
            [
                853.7550048828125,
                0.0,
                512.0
            ],
            [
                0.0,
                853.7550048828125,
                288.0
            ],
            [
                0.0,
                0.0,
                1.0
            ]
        ],
        [
            [
                853.7550048828125,
                0.0,
                512.0
            ],
            [
                0.0,
                853.7550048828125,
                288.0
            ],
            [
                0.0,
                0.0,
                1.0
            ]
        ]
    ],
    "extrinsics": [
        [
            [
                0.9986686110496521,
                -0.0036890602204948664,
                0.051453396677970886,
                -0.2581453323364258
            ],
            [
                0.003765503643080592,
                0.9999919533729553,
                -0.0013888449175283313,
                -0.00040128015098161995
            ],
            [
                -0.051447853446006775,
                0.0015807442832738161,
                0.9986744523048401,
                -0.0115952854976058
            ],
            [
                0.0,
                0.0,
                0.0,
                1.0
            ]
        ],
        [
            [
                0.9999242424964905,
                -0.0013403651537373662,
                0.012236485257744789,
                -0.06881342083215714
            ],
            [
                0.0013557060156017542,
                0.9999983310699463,
                -0.001245585735887289,
                -0.0013203631388023496
            ],
            [
                -0.012234791181981564,
                0.0012620800407603383,
                0.99992436170578,
                -0.004518461879342794
            ],
            [
                0.0,
                0.0,
                0.0,
                1.0
            ]
        ],
        [
            [
                0.9998685717582703,
                0.0008753681904636323,
                -0.016187353059649467,
                0.0953972190618515
            ],
            [
                -0.0008664405322633684,
                0.999999463558197,
                0.0005586075130850077,
                0.0007299399003386497
            ],
            [
                0.01618783362209797,
                -0.0005445085698738694,
                0.9998688101768494,
                0.0036069147754460573
            ],
            [
                0.0,
                0.0,
                0.0,
                1.0
            ]
        ],
        [
            [
                0.9988625049591064,
                0.004154054448008537,
                -0.047502532601356506,
                0.23156151175498962
            ],
            [
                -0.004060022067278624,
                0.9999896287918091,
                0.0020758244208991528,
                0.0009916978888213634
            ],
            [
                0.047510650008916855,
                -0.001880600699223578,
                0.998869001865387,
                0.012506820261478424
            ],
            [
                0.0,
                0.0,
                0.0,
                1.0
            ]
        ]
    ],
    "average_pose": [
        [
            0.9913919261929285,
            0.018044960788860885,
            -0.12967817113764082,
            -1.1215947472558505
        ],
        [
            -0.014577732582108788,
            0.9995117263429086,
            0.02763690676943789,
            -0.01899654945370475
        ],
        [
            0.13011355960175444,
            -0.025508592535585958,
            0.9911709102443504,
            -0.03594447689443905
        ],
        [
            0.0,
            0.0,
            0.0,
            1.0
        ]
    ],
    "near": 1.0000000298023224,
    "far": 133.33334350585938,
    "near_ndc": 0.0,
    "far_ndc": 1.0
}