{
    "resolution": [
        756,
        1008
    ],
    "bounds": [
        1.3333333333333333,
        10.630542989519041
    ],
    "translation_scale": 0.09002838526122041,
    "train_frame_nums": [
        11,
        22,
        33,
        44
    ],
    "intrinsics": [
        [
            [
                832.4674682617188,
                0.0,
                504.0
            ],
            [
                0.0,
                832.4674682617188,
                378.0
            ],
            [
                0.0,
                0.0,
                1.0
            ]
        ],
        [
            [
                832.4674682617188,
                0.0,
                504.0
            ],
            [
                0.0,
                832.4674682617188,
                378.0
            ],
            [
                0.0,
                0.0,
                1.0
            ]
        ],
        [
            [
                832.4674682617188,
                0.0,
                504.0
            ],
            [
                0.0,
                832.4674682617188,
                378.0
            ],
            [
                0.0,
                0.0,
                1.0
            ]
        ],
        [
            [
                832.4674682617188,
                0.0,
                504.0
            ],
            [
                0.0,
                832.4674682617188,
                378.0
            ],
            [
                0.0,
                0.0,
                1.0
            ]
        ]
    ],
    "extrinsics": [
        [
            [
                0.9996249079704285,
                0.008455650880932808,
                0.026049593463540077,
                0.051580578088760376
            ],
            [
                -0.008948812261223793,
                0.9997818470001221,
                0.018873583525419235,
                0.13573794066905975
            ],
            [
                -0.025884322822093964,
                -0.01909961737692356,
                0.9994824528694153,
                -0.06104309856891632
            ],
            [
                0.0,
                0.0,
                0.0,
                1.0
            ]
        ],
        [
            [
                0.9987022876739502,
                0.01799597218632698,
                0.04764354228973389,
                0.1949954777956009
            ],
            [
                -0.01935989409685135,
                0.9994113445281982,
                0.02832268737256527,
                -0.023774906992912292
            ],
            [
                -0.04710580036044121,
                -0.029208306223154068,
                0.9984627962112427,
                -0.021954599767923355
            ],
            [
                0.0,
                0.0,
                0.0,
                1.0
            ]
        ],
        [
            [
                0.992685079574585,
                -0.0438455268740654,
                -0.11248954385519028,
                -0.40687209367752075
            ],
            [
                0.034312862902879715,
                0.9957624077796936,
                -0.08532226085662842,
                -0.292553573846817
            ],
            [
                0.11575385928153992,
                0.08083830028772354,
                0.9899829626083374,
                0.16655820608139038
            ],
            [
                0.0,
                0.0,
                0.0,
                1.0
            ]
        ],
        [
            [
                0.9990957379341125,
                0.01739390566945076,
                0.03879640996456146,
                0.16029603779315948
            ],
            [
                -0.018874377012252808,
                0.9990946650505066,
                0.03812599182128906,
                0.18059055507183075
            ],
            [
                -0.03809812664985657,
                -0.038823772221803665,
                0.9985195398330688,
                -0.0835605040192604
            ],
            [
                0.0,
                0.0,
                0.0,
                1.0
            ]
        ]
    ],
    "average_pose": [
        [
            0.9985048848980332,
            0.012749156420829242,
            0.053154998309876196,
            -0.10816890884709723
        ],
        [
            -0.01426778772602768,
            0.9994979562865188,
            0.028288966267382552,
            -0.021850518857035105
        ],
        [
            -0.05276765172120819,
            -0.02900507523915983,
            0.9981854940551881,
            0.009891309548579995
        ],
        [
            0.0,
            0.0,
            0.0,
            1.0
        ]
    ],
    "near": 1.0,
    "far": 10.630542989519041,
    "near_ndc": 0.0,
    "far_ndc": 1.0
}