{
    "resolution": [
        756,
        1008
    ],
    "bounds": [
        1.3333333333333333,
        9.349833355752931
    ],
    "translation_scale": 0.08271897409463744,
    "train_frame_nums": [
        13,
        28,
        42
    ],
    "intrinsics": [
        [
            [
                832.4674682617188,
                0.0,
                504.0
            ],
            [
                0.0,
                832.4674682617188,
                378.0
            ],
            [
                0.0,
                0.0,
                1.0
            ]
        ],
        [
            [
                832.4674682617188,
                0.0,
                504.0
            ],
            [
                0.0,
                832.4674682617188,
                378.0
            ],
            [
                0.0,
                0.0,
                1.0
            ]
        ],
        [
            [
                832.4674682617188,
                0.0,
                504.0
            ],
            [
                0.0,
                832.4674682617188,
                378.0
            ],
            [
                0.0,
                0.0,
                1.0
            ]
        ]
    ],
    "extrinsics": [
        [
            [
                0.9999961256980896,
                -0.00259983167052269,
                -0.0009987818775698543,
                -0.03220498561859131
            ],
            [
                0.0026155055966228247,
                0.9998681545257568,
                0.01602606661617756,
                0.06620090454816818
            ],
            [
                0.0009569850517436862,
                -0.016028616577386856,
                0.9998710751533508,
                -0.016937464475631714
            ],
            [
                0.0,
                0.0,
                0.0,
                1.0
            ]
        ],
        [
            [
                0.9998707175254822,
                0.004316271282732487,
                0.015488710254430771,
                0.04170026630163193
            ],
            [
                -0.0036035925149917603,
                0.9989464282989502,
                -0.045749276876449585,
                -0.16905450820922852
            ],
            [
                -0.01566985808312893,
                0.04568754881620407,
                0.9988328814506531,
                0.08599411696195602
            ],
            [
                0.0,
                0.0,
                0.0,
                1.0
            ]
        ],
        [
            [
                0.9998935461044312,
                -0.001716439612209797,
                -0.014489928260445595,
                -0.00949527882039547
            ],
            [
                0.0021465930622071028,
                0.9995558857917786,
                0.029723212122917175,
                0.10285359621047974
            ],
            [
                0.014432474970817566,
                -0.02975115180015564,
                0.9994531273841858,
                -0.06905665248632431
            ],
            [
                0.0,
                0.0,
                0.0,
                1.0
            ]
        ]
    ],
    "average_pose": [
        [
            0.9999506671742393,
            0.0036485763357690204,
            0.00923856636692372,
            0.061683919021483714
        ],
        [
            -0.003897211042833927,
            0.9996267748808697,
            0.027039280451944474,
            0.042826051103410374
        ],
        [
            -0.009136463423097645,
            -0.027073951170698368,
            0.9995916797393448,
            -0.017263010470826685
        ],
        [
            0.0,
            0.0,
            0.0,
            1.0
        ]
    ],
    "near": 1.0,
    "far": 9.349833355752931,
    "near_ndc": 0.0,
    "far_ndc": 1.0
}