{
    "resolution": [
        576,
        1024
    ],
    "bounds": [
        1.3333333730697632,
        133.33334350585938
    ],
    "translation_scale": 1.3333333333333333,
    "train_frame_nums": [
        10,
        20
    ],
    "intrinsics": [
        [
            [
                493.9102478027344,
                0.0,
                512.0
            ],
            [
                0.0,
                493.9102478027344,
                288.0
            ],
            [
                0.0,
                0.0,
                1.0
            ]
        ],
        [
            [
                493.9102478027344,
                0.0,
                512.0
            ],
            [
                0.0,
                493.9102478027344,
                288.0
            ],
            [
                0.0,
                0.0,
                1.0
            ]
        ]
    ],
    "extrinsics": [
        [
            [
                0.9995042085647583,
                -0.0009030425571836531,
                0.03147251904010773,
                -0.008181034587323666
            ],
            [
                0.000907920126337558,
                0.9999995827674866,
                -0.00014069906319491565,
                -0.004281951114535332
            ],
            [
                -0.031472377479076385,
                0.00016920345660764724,
                0.9995046257972717,
                0.08180859684944153
            ],
            [
                0.0,
                0.0,
                0.0,
                1.0
            ]
        ],
        [
            [
                0.9995042085647583,
                0.0009030420915223658,
                -0.03147250786423683,
                0.008180945180356503
            ],
            [
                -0.0008990594069473445,
                0.9999995827674866,
                0.00014069900498725474,
                0.004281951114535332
            ],
            [
                0.03147263079881668,
                -0.00011233325494686142,
                0.999504566192627,
                -0.08180855959653854
            ],
            [
                0.0,
                0.0,
                0.0,
                1.0
            ]
        ]
    ],
    "average_pose": [
        [
            0.9455630662500627,
            0.017891134337795756,
            -0.3249467572632268,
            1.0874316116265257
        ],
        [
            -0.01513451832336936,
            0.9998248581069544,
            0.011009062926879231,
            0.14185646832887072
        ],
        [
            0.32508681009677876,
            -0.005491850645760053,
            0.9456682322451069,
            -5.177044935716314
        ],
        [
            0.0,
            0.0,
            0.0,
            1.0
        ]
    ],
    "near": 1.0000000298023224,
    "far": 133.33334350585938,
    "near_ndc": 0.0,
    "far_ndc": 1.0
}