{
    "resolution": [
        756,
        1008
    ],
    "bounds": [
        1.3333333333333333,
        19.13012310655995
    ],
    "translation_scale": 0.11078439694916434,
    "train_frame_nums": [
        12,
        25,
        37,
        50
    ],
    "intrinsics": [
        [
            [
                842.2059326171875,
                0.0,
                504.0
            ],
            [
                0.0,
                842.2059326171875,
                378.0
            ],
            [
                0.0,
                0.0,
                1.0
            ]
        ],
        [
            [
                842.2059326171875,
                0.0,
                504.0
            ],
            [
                0.0,
                842.2059326171875,
                378.0
            ],
            [
                0.0,
                0.0,
                1.0
            ]
        ],
        [
            [
                842.2059326171875,
                0.0,
                504.0
            ],
            [
                0.0,
                842.2059326171875,
                378.0
            ],
            [
                0.0,
                0.0,
                1.0
            ]
        ],
        [
            [
                842.2059326171875,
                0.0,
                504.0
            ],
            [
                0.0,
                842.2059326171875,
                378.0
            ],
            [
                0.0,
                0.0,
                1.0
            ]
        ]
    ],
    "extrinsics": [
        [
            [
                0.9994173645973206,
                -0.004759316332638264,
                0.03379707783460617,
                0.09013570100069046
            ],
            [
                0.0024105359334498644,
                0.9975998997688293,
                0.06920012831687927,
                0.22611907124519348
            ],
            [
                -0.03404530510306358,
                -0.06907834112644196,
                0.9970301389694214,
                0.05662580579519272
            ],
            [
                0.0,
                0.0,
                0.0,
                1.0
            ]
        ],
        [
            [
                0.9974263906478882,
                -0.0057044620625674725,
                0.07147031277418137,
                0.24433736503124237
            ],
            [
                0.004208877682685852,
                0.999769389629364,
                0.021059103310108185,
                0.09306324273347855
            ],
            [
                -0.07157396525144577,
                -0.02070409618318081,
                0.9972203969955444,
                0.014011328108608723
            ],
            [
                0.0,
                0.0,
                0.0,
                1.0
            ]
        ],
        [
            [
                0.9880980253219604,
                0.010217691771686077,
                -0.15348570048809052,
                -0.4602532684803009
            ],
            [
                -0.017861898988485336,
                0.998663067817688,
                -0.048507947474718094,
                -0.10400009900331497
            ],
            [
                0.15278486907482147,
                0.05067215487360954,
                0.9869595170021057,
                0.01843974180519581
            ],
            [
                0.0,
                0.0,
                0.0,
                1.0
            ]
        ],
        [
            [
                0.9988368153572083,
                0.0002460868563503027,
                0.048218317329883575,
                0.12578019499778748
            ],
            [
                0.0017693627160042524,
                0.9991264939308167,
                -0.041751280426979065,
                -0.21518221497535706
            ],
            [
                -0.048186469823122025,
                0.04178803041577339,
                0.9979638457298279,
                -0.08907687664031982
            ],
            [
                0.0,
                0.0,
                0.0,
                1.0
            ]
        ]
    ],
    "average_pose": [
        [
            0.9994939144425775,
            -0.006918367243896999,
            0.031049173691613897,
            0.026971732146096775
        ],
        [
            0.006410006475240207,
            0.999844265184293,
            0.01644254223251882,
            -0.0264847336659587
        ],
        [
            -0.031158093799859034,
            -0.016235195494953537,
            0.9993826052208432,
            0.017245579118173072
        ],
        [
            0.0,
            0.0,
            0.0,
            1.0
        ]
    ],
    "near": 1.0,
    "far": 19.13012310655995,
    "near_ndc": 0.0,
    "far_ndc": 1.0
}