{
    "resolution": [
        756,
        1008
    ],
    "bounds": [
        1.3333333333333335,
        9.993453088067955
    ],
    "translation_scale": 0.08277941452100393,
    "train_frame_nums": [
        18,
        37
    ],
    "intrinsics": [
        [
            [
                832.4674682617188,
                0.0,
                504.0
            ],
            [
                0.0,
                832.4674682617188,
                378.0
            ],
            [
                0.0,
                0.0,
                1.0
            ]
        ],
        [
            [
                832.4674682617188,
                0.0,
                504.0
            ],
            [
                0.0,
                832.4674682617188,
                378.0
            ],
            [
                0.0,
                0.0,
                1.0
            ]
        ]
    ],
    "extrinsics": [
        [
            [
                0.9990951418876648,
                -0.015790149569511414,
                -0.0394919216632843,
                -0.142493337392807
            ],
            [
                0.017070341855287552,
                0.9993326663970947,
                0.032292209565639496,
                0.14158350229263306
            ],
            [
                0.03895566612482071,
                -0.032937128096818924,
                0.9986979365348816,
                -0.03635578230023384
            ],
            [
                0.0,
                0.0,
                0.0,
                1.0
            ]
        ],
        [
            [
                0.9990951418876648,
                0.015790149569511414,
                0.0394919216632843,
                0.142493337392807
            ],
            [
                -0.01451810635626316,
                0.9993730187416077,
                -0.032292209565639496,
                -0.14158350229263306
            ],
            [
                -0.0399770587682724,
                0.03168964013457298,
                0.9986979365348816,
                0.03635578230023384
            ],
            [
                0.0,
                0.0,
                0.0,
                1.0
            ]
        ]
    ],
    "average_pose": [
        [
            0.9999981079482454,
            0.0014151230251208105,
            0.001334738458644796,
            0.03461344111374737
        ],
        [
            -0.0015237443241144857,
            0.9963594681084198,
            0.0852378349909313,
            -0.18186775568163735
        ],
        [
            -0.001209257277812066,
            -0.08523970751668658,
            0.9963597392304178,
            0.06265073983483997
        ],
        [
            0.0,
            0.0,
            0.0,
            1.0
        ]
    ],
    "near": 1.0,
    "far": 9.993453088067955,
    "near_ndc": 0.0,
    "far_ndc": 1.0
}