{
    "resolution": [
        576,
        1024
    ],
    "bounds": [
        1.3333333730697632,
        133.33334350585938
    ],
    "translation_scale": 1.3333333333333333,
    "train_frame_nums": [
        10,
        20
    ],
    "intrinsics": [
        [
            [
                519.0487670898438,
                0.0,
                512.0
            ],
            [
                0.0,
                519.0487670898438,
                288.0
            ],
            [
                0.0,
                0.0,
                1.0
            ]
        ],
        [
            [
                519.0487670898438,
                0.0,
                512.0
            ],
            [
                0.0,
                519.0487670898438,
                288.0
            ],
            [
                0.0,
                0.0,
                1.0
            ]
        ]
    ],
    "extrinsics": [
        [
            [
                0.9985024929046631,
                0.006603313144296408,
                -0.0543062724173069,
                -0.023239998146891594
            ],
            [
                -0.006519042421132326,
                0.9999772906303406,
                0.0017287158407270908,
                -0.008385536260902882
            ],
            [
                0.05431647226214409,
                -0.0013720996212214231,
                0.9985228180885315,
                0.03793352097272873
            ],
            [
                0.0,
                0.0,
                0.0,
                1.0
            ]
        ],
        [
            [
                0.9985024929046631,
                -0.006603310350328684,
                0.054306238889694214,
                0.02324000373482704
            ],
            [
                0.006707075517624617,
                0.9999760389328003,
                -0.0017287115333601832,
                0.008385537192225456
            ],
            [
                -0.05429357290267944,
                0.002090361202135682,
                0.9985228180885315,
                -0.037933528423309326
            ],
            [
                0.0,
                0.0,
                0.0,
                1.0
            ]
        ]
    ],
    "average_pose": [
        [
            0.8555821844326809,
            -0.08067582863434235,
            0.511341897711858,
            -0.3255917228233152
        ],
        [
            0.06546748108365401,
            0.9967133188736373,
            0.04771340378195749,
            0.05805396434315587
        ],
        [
            -0.5135105983346044,
            -0.007346472218754926,
            0.8580518019000808,
            -0.37292784869242385
        ],
        [
            0.0,
            0.0,
            0.0,
            1.0
        ]
    ],
    "near": 1.0000000298023224,
    "far": 133.33334350585938,
    "near_ndc": 0.0,
    "far_ndc": 1.0
}