{
    "resolution": [
        756,
        1008
    ],
    "bounds": [
        1.3333333333333333,
        12.39725434573929
    ],
    "translation_scale": 0.05641118924893516,
    "train_frame_nums": [
        11,
        22
    ],
    "intrinsics": [
        [
            [
                893.7646484375,
                0.0,
                504.0
            ],
            [
                0.0,
                893.7646484375,
                378.0
            ],
            [
                0.0,
                0.0,
                1.0
            ]
        ],
        [
            [
                893.7646484375,
                0.0,
                504.0
            ],
            [
                0.0,
                893.7646484375,
                378.0
            ],
            [
                0.0,
                0.0,
                1.0
            ]
        ]
    ],
    "extrinsics": [
        [
            [
                0.9999886155128479,
                0.003457017242908478,
                -0.00329457875341177,
                -0.02123936265707016
            ],
            [
                -0.003477454651147127,
                0.9999746084213257,
                -0.0062179360538721085,
                0.047980621457099915
            ],
            [
                0.003272999543696642,
                0.00622932193800807,
                0.9999752640724182,
                -0.019427966326475143
            ],
            [
                0.0,
                0.0,
                0.0,
                1.0
            ]
        ],
        [
            [
                0.9999886155128479,
                -0.003457017242908478,
                0.00329457875341177,
                0.02123936265707016
            ],
            [
                0.0034364836756139994,
                0.99997478723526,
                0.0062179360538721085,
                -0.047980621457099915
            ],
            [
                -0.003315991023555398,
                -0.006206543184816837,
                0.9999752640724182,
                0.019427966326475143
            ],
            [
                0.0,
                0.0,
                0.0,
                1.0
            ]
        ]
    ],
    "average_pose": [
        [
            0.9996597463497013,
            0.0016919591329941446,
            -0.02602938344146636,
            -0.11193967835184343
        ],
        [
            -0.0013836072397843677,
            0.9999287134047962,
            0.011859752933144663,
            0.007976709099868305
        ],
        [
            0.026047594112635845,
            -0.011819703165540785,
            0.9995908250169276,
            -0.016798613462205136
        ],
        [
            0.0,
            0.0,
            0.0,
            1.0
        ]
    ],
    "near": 1.0,
    "far": 12.39725434573929,
    "near_ndc": 0.0,
    "far_ndc": 1.0
}