{
    "resolution": [
        576,
        1024
    ],
    "bounds": [
        1.3333333730697632,
        133.33334350585938
    ],
    "translation_scale": 1.3333333333333333,
    "train_frame_nums": [
        0,
        10,
        20,
        30
    ],
    "intrinsics": [
        [
            [
                525.3306884765625,
                0.0,
                512.0
            ],
            [
                0.0,
                525.3306884765625,
                288.0
            ],
            [
                0.0,
                0.0,
                1.0
            ]
        ],
        [
            [
                525.3306884765625,
                0.0,
                512.0
            ],
            [
                0.0,
                525.3306884765625,
                288.0
            ],
            [
                0.0,
                0.0,
                1.0
            ]
        ],
        [
            [
                525.3306884765625,
                0.0,
                512.0
            ],
            [
                0.0,
                525.3306884765625,
                288.0
            ],
            [
                0.0,
                0.0,
                1.0
            ]
        ],
        [
            [
                525.3306884765625,
                0.0,
                512.0
            ],
            [
                0.0,
                525.3306884765625,
                288.0
            ],
            [
                0.0,
                0.0,
                1.0
            ]
        ]
    ],
    "extrinsics": [
        [
            [
                0.9998703598976135,
                0.002345398301258683,
                -0.015927517786622047,
                0.05433918163180351
            ],
            [
                -0.0024594173301011324,
                0.9999714493751526,
                -0.007142802234739065,
                -0.14270050823688507
            ],
            [
                0.01591031439602375,
                0.007181048858910799,
                0.9998476505279541,
                0.614813506603241
            ],
            [
                0.0,
                0.0,
                0.0,
                1.0
            ]
        ],
        [
            [
                0.9999771118164062,
                -0.002305156085640192,
                -0.006361321080476046,
                0.022515514865517616
            ],
            [
                0.002291589044034481,
                0.9999950528144836,
                -0.0021390095353126526,
                -0.05801192298531532
            ],
            [
                0.006366225890815258,
                0.002124382881447673,
                0.9999774694442749,
                0.21717272698879242
            ],
            [
                0.0,
                0.0,
                0.0,
                1.0
            ]
        ],
        [
            [
                0.9999982118606567,
                0.0001384416682412848,
                0.0018967805663123727,
                -0.0058626048266887665
            ],
            [
                -0.00014684480265714228,
                0.9999901652336121,
                0.0044307890348136425,
                0.0415632501244545
            ],
            [
                -0.0018961483146995306,
                -0.004431059584021568,
                0.9999883770942688,
                -0.23053202033042908
            ],
            [
                0.0,
                0.0,
                0.0,
                1.0
            ]
        ],
        [
            [
                0.9997920393943787,
                -0.00017868498980533332,
                0.020392069593071938,
                -0.07099214941263199
            ],
            [
                7.977718632901087e-05,
                0.9999881982803345,
                0.004851022735238075,
                0.15914924442768097
            ],
            [
                -0.02039269544184208,
                -0.004848386626690626,
                0.9997802972793579,
                -0.6014540791511536
            ],
            [
                0.0,
                0.0,
                0.0,
                1.0
            ]
        ]
    ],
    "average_pose": [
        [
            0.9980340144293154,
            0.02737426870709002,
            -0.05638045277272235,
            0.27388215872444144
        ],
        [
            -0.027861209893799206,
            0.9995808304143193,
            -0.007868700748765004,
            -0.666061414298062
        ],
        [
            0.05614141987302073,
            0.009424058625241148,
            0.9983783491711292,
            -6.428126876945559
        ],
        [
            0.0,
            0.0,
            0.0,
            1.0
        ]
    ],
    "near": 1.0000000298023224,
    "far": 133.33334350585938,
    "near_ndc": 0.0,
    "far_ndc": 1.0
}