{
    "resolution": [
        756,
        1008
    ],
    "bounds": [
        1.3333333333333335,
        10.654872405522617
    ],
    "translation_scale": 0.09350417036462065,
    "train_frame_nums": [
        7,
        17,
        25,
        34
    ],
    "intrinsics": [
        [
            [
                842.8297729492188,
                0.0,
                504.0
            ],
            [
                0.0,
                842.8297729492188,
                378.0
            ],
            [
                0.0,
                0.0,
                1.0
            ]
        ],
        [
            [
                842.8297729492188,
                0.0,
                504.0
            ],
            [
                0.0,
                842.8297729492188,
                378.0
            ],
            [
                0.0,
                0.0,
                1.0
            ]
        ],
        [
            [
                842.8297729492188,
                0.0,
                504.0
            ],
            [
                0.0,
                842.8297729492188,
                378.0
            ],
            [
                0.0,
                0.0,
                1.0
            ]
        ],
        [
            [
                842.8297729492188,
                0.0,
                504.0
            ],
            [
                0.0,
                842.8297729492188,
                378.0
            ],
            [
                0.0,
                0.0,
                1.0
            ]
        ]
    ],
    "extrinsics": [
        [
            [
                0.9999182224273682,
                -0.008872046135365963,
                0.009212306700646877,
                0.26771044731140137
            ],
            [
                0.00794181041419506,
                0.9952992796897888,
                0.09652086347341537,
                0.19774192571640015
            ],
            [
                -0.010025340132415295,
                -0.09643980860710144,
                0.9952883124351501,
                -0.05219122767448425
            ],
            [
                0.0,
                0.0,
                0.0,
                1.0
            ]
        ],
        [
            [
                0.9997154474258423,
                0.0022790306247770786,
                0.0237446092069149,
                0.344521164894104
            ],
            [
                -0.0033668805845081806,
                0.9989414811134338,
                0.04587586596608162,
                0.13800206780433655
            ],
            [
                -0.023614922538399696,
                -0.0459427572786808,
                0.998664915561676,
                0.01911219395697117
            ],
            [
                0.0,
                0.0,
                0.0,
                1.0
            ]
        ],
        [
            [
                0.9999293684959412,
                -0.0022475102450698614,
                -0.011668342165648937,
                -0.30034664273262024
            ],
            [
                0.001657252898439765,
                0.9987301826477051,
                -0.05035167559981346,
                -0.12267401069402695
            ],
            [
                0.011766690760850906,
                0.050328779965639114,
                0.9986633658409119,
                0.039850518107414246
            ],
            [
                0.0,
                0.0,
                0.0,
                1.0
            ]
        ],
        [
            [
                0.9997342824935913,
                0.008840525522828102,
                -0.021288573741912842,
                -0.31188496947288513
            ],
            [
                -0.010764850303530693,
                0.9956966638565063,
                -0.09204506129026413,
                -0.21306999027729034
            ],
            [
                0.020383235067129135,
                0.09224976599216461,
                0.9955272674560547,
                -0.006771482992917299
            ],
            [
                0.0,
                0.0,
                0.0,
                1.0
            ]
        ]
    ],
    "average_pose": [
        [
            0.9999945253626459,
            0.0026887785044381893,
            0.0019286562396529814,
            -0.06635200980708798
        ],
        [
            -0.002706984891132856,
            0.999951207338442,
            0.009500272374579698,
            -0.013078651158732656
        ],
        [
            -0.0019030180072347402,
            -0.009505441207334613,
            0.9999530114509971,
            0.020166157052228205
        ],
        [
            0.0,
            0.0,
            0.0,
            1.0
        ]
    ],
    "near": 1.0,
    "far": 10.654872405522617,
    "near_ndc": 0.0,
    "far_ndc": 1.0
}