{
    "resolution": [
        576,
        1024
    ],
    "bounds": [
        1.3333333730697632,
        133.33334350585938
    ],
    "translation_scale": 1.3333333333333333,
    "train_frame_nums": [
        10,
        20
    ],
    "intrinsics": [
        [
            [
                482.5645751953125,
                0.0,
                512.0
            ],
            [
                0.0,
                482.5645751953125,
                288.0
            ],
            [
                0.0,
                0.0,
                1.0
            ]
        ],
        [
            [
                482.5645751953125,
                0.0,
                512.0
            ],
            [
                0.0,
                482.5645751953125,
                288.0
            ],
            [
                0.0,
                0.0,
                1.0
            ]
        ]
    ],
    "extrinsics": [
        [
            [
                0.9999449849128723,
                -0.000713186978828162,
                0.010466373525559902,
                -0.018090272322297096
            ],
            [
                0.0007132533355616033,
                0.9999997615814209,
                -2.641451374074677e-06,
                -0.0025882686022669077
            ],
            [
                -0.01046636514365673,
                1.0107199159392621e-05,
                0.9999452233314514,
                0.15222951769828796
            ],
            [
                0.0,
                0.0,
                0.0,
                1.0
            ]
        ],
        [
            [
                0.9999449253082275,
                0.0007131866295821965,
                -0.010466373525559902,
                0.018090272322297096
            ],
            [
                -0.0007131980382837355,
                0.9999997615814209,
                2.643000698299147e-06,
                0.002588265109807253
            ],
            [
                0.010466367937624454,
                4.822571099794004e-06,
                0.9999452233314514,
                -0.152229443192482
            ],
            [
                0.0,
                0.0,
                0.0,
                1.0
            ]
        ]
    ],
    "average_pose": [
        [
            0.9922537786091585,
            0.006104103776026262,
            -0.12407730958132042,
            0.06015845836033537
        ],
        [
            -0.006669032668187385,
            0.9999691991650748,
            -0.0041382030435374575,
            -0.03485696270806116
        ],
        [
            0.12404822787576601,
            0.004933623237580585,
            0.9922639248318118,
            -1.8277827592005458
        ],
        [
            0.0,
            0.0,
            0.0,
            1.0
        ]
    ],
    "near": 1.0000000298023224,
    "far": 133.33334350585938,
    "near_ndc": 0.0,
    "far_ndc": 1.0
}