{
    "resolution": [
        576,
        1024
    ],
    "bounds": [
        1.3333333730697632,
        133.33334350585938
    ],
    "translation_scale": 1.3333333333333333,
    "train_frame_nums": [
        10,
        20,
        30
    ],
    "intrinsics": [
        [
            [
                519.0487670898438,
                0.0,
                512.0
            ],
            [
                0.0,
                519.0487670898438,
                288.0
            ],
            [
                0.0,
                0.0,
                1.0
            ]
        ],
        [
            [
                519.0487670898438,
                0.0,
                512.0
            ],
            [
                0.0,
                519.0487670898438,
                288.0
            ],
            [
                0.0,
                0.0,
                1.0
            ]
        ],
        [
            [
                519.0487670898438,
                0.0,
                512.0
            ],
            [
                0.0,
                519.0487670898438,
                288.0
            ],
            [
                0.0,
                0.0,
                1.0
            ]
        ]
    ],
    "extrinsics": [
        [
            [
                0.993722140789032,
                0.014882284216582775,
                -0.11088208109140396,
                -0.05510988086462021
            ],
            [
                -0.014592441730201244,
                0.9998876452445984,
                0.003425060072913766,
                -0.01661824993789196
            ],
            [
                0.11092061549425125,
                -0.001785515109077096,
                0.9938277006149292,
                0.07166210561990738
            ],
            [
                0.0,
                0.0,
                0.0,
                1.0
            ]
        ],
        [
            [
                0.999995768070221,
                0.0015008498448878527,
                -0.0024767473805695772,
                -0.004262201953679323
            ],
            [
                -0.0015031271614134312,
                0.9999984502792358,
                -0.0009178785257972777,
                -0.00032199305132962763
            ],
            [
                0.0024753164034336805,
                0.0009215998579747975,
                0.9999964833259583,
                -0.001457075821235776
            ],
            [
                0.0,
                0.0,
                0.0,
                1.0
            ]
        ],
        [
            [
                0.9934190511703491,
                -0.016383131965994835,
                0.11335883289575577,
                0.059372082352638245
            ],
            [
                0.016775384545326233,
                0.999856173992157,
                -0.002507172990590334,
                0.016940247267484665
            ],
            [
                -0.11330141872167587,
                0.004392314702272415,
                0.9935509562492371,
                -0.07020504027605057
            ],
            [
                0.0,
                0.0,
                0.0,
                1.0
            ]
        ]
    ],
    "average_pose": [
        [
            0.8244876464597669,
            -0.08914518954488526,
            0.5588141515890959,
            -0.3763871516782086
        ],
        [
            0.07179700653411038,
            0.9960123423976165,
            0.05295850870590769,
            0.06339903866571836
        ],
        [
            -0.5613067883857948,
            -0.003542452909957239,
            0.8276002297845289,
            -0.38899031058105965
        ],
        [
            0.0,
            0.0,
            0.0,
            1.0
        ]
    ],
    "near": 1.0000000298023224,
    "far": 133.33334350585938,
    "near_ndc": 0.0,
    "far_ndc": 1.0,
    "bounding_box": [
        [
            -1.5,
            -1.67,
            -1.0
        ],
        [
            1.5,
            1.67,
            1.0
        ]
    ]
}