{
    "resolution": [
        756,
        1008
    ],
    "bounds": [
        1.3333333333333335,
        12.427526591525686
    ],
    "translation_scale": 0.05611299245594233,
    "train_frame_nums": [
        6,
        13,
        20,
        27
    ],
    "intrinsics": [
        [
            [
                893.7646484375,
                0.0,
                504.0
            ],
            [
                0.0,
                893.7646484375,
                378.0
            ],
            [
                0.0,
                0.0,
                1.0
            ]
        ],
        [
            [
                893.7646484375,
                0.0,
                504.0
            ],
            [
                0.0,
                893.7646484375,
                378.0
            ],
            [
                0.0,
                0.0,
                1.0
            ]
        ],
        [
            [
                893.7646484375,
                0.0,
                504.0
            ],
            [
                0.0,
                893.7646484375,
                378.0
            ],
            [
                0.0,
                0.0,
                1.0
            ]
        ],
        [
            [
                893.7646484375,
                0.0,
                504.0
            ],
            [
                0.0,
                893.7646484375,
                378.0
            ],
            [
                0.0,
                0.0,
                1.0
            ]
        ]
    ],
    "extrinsics": [
        [
            [
                0.9997437596321106,
                -0.003500550054013729,
                -0.02236471138894558,
                0.06653937697410583
            ],
            [
                0.003151225158944726,
                0.9998728036880493,
                -0.01563565619289875,
                0.12071604281663895
            ],
            [
                0.022416599094867706,
                0.015561173669993877,
                0.9996275901794434,
                -0.024067416787147522
            ],
            [
                0.0,
                0.0,
                0.0,
                1.0
            ]
        ],
        [
            [
                0.9998036623001099,
                -0.0029549901373684406,
                0.019592387601733208,
                -0.10337416082620621
            ],
            [
                0.003187816357240081,
                0.9999245405197144,
                -0.01186294388025999,
                0.04649077355861664
            ],
            [
                -0.01955585554242134,
                0.011923071928322315,
                0.9997376799583435,
                -0.014028548263013363
            ],
            [
                0.0,
                0.0,
                0.0,
                1.0
            ]
        ],
        [
            [
                0.9994774460792542,
                -0.0036408400628715754,
                0.0321185439825058,
                -0.08940919488668442
            ],
            [
                0.003582899458706379,
                0.9999918341636658,
                0.0018613293068483472,
                -0.0349455364048481
            ],
            [
                -0.03212505951523781,
                -0.0017452790634706616,
                0.9994823336601257,
                0.01151612401008606
            ],
            [
                0.0,
                0.0,
                0.0,
                1.0
            ]
        ],
        [
            [
                0.9995183348655701,
                0.010096380487084389,
                -0.029346222057938576,
                0.1262439787387848
            ],
            [
                -0.009344764985144138,
                0.9996276497840881,
                0.025637270882725716,
                -0.1322612762451172
            ],
            [
                0.029594138264656067,
                -0.02535068802535534,
                0.9992404580116272,
                0.02657984010875225
            ],
            [
                0.0,
                0.0,
                0.0,
                1.0
            ]
        ]
    ],
    "average_pose": [
        [
            0.9997684802968143,
            0.0031330918025829174,
            -0.02128777914097491,
            -0.06601793936476548
        ],
        [
            -0.0028526738429156128,
            0.999908934414907,
            0.013190342269667636,
            -0.0003276968273392046
        ],
        [
            0.021327167110150463,
            -0.013126561354811222,
            0.9996863734842313,
            -0.0029771177604898413
        ],
        [
            0.0,
            0.0,
            0.0,
            1.0
        ]
    ],
    "near": 1.0,
    "far": 12.427526591525686,
    "near_ndc": 0.0,
    "far_ndc": 1.0
}