{
    "resolution": [
        576,
        1024
    ],
    "bounds": [
        1.3333333730697632,
        133.33334350585938
    ],
    "translation_scale": 1.3333333333333333,
    "train_frame_nums": [
        10,
        20
    ],
    "intrinsics": [
        [
            [
                853.7550048828125,
                0.0,
                512.0
            ],
            [
                0.0,
                853.7550048828125,
                288.0
            ],
            [
                0.0,
                0.0,
                1.0
            ]
        ],
        [
            [
                853.7550048828125,
                0.0,
                512.0
            ],
            [
                0.0,
                853.7550048828125,
                288.0
            ],
            [
                0.0,
                0.0,
                1.0
            ]
        ]
    ],
    "extrinsics": [
        [
            [
                0.999898374080658,
                -0.0011060811812058091,
                0.014211739413440228,
                -0.08211345225572586
            ],
            [
                0.001119059743359685,
                0.9999989867210388,
                -0.000905390887055546,
                -0.0010074606398120522
            ],
            [
                -0.014210718683898449,
                0.0009212022996507585,
                0.9998986124992371,
                -0.003900116542354226
            ],
            [
                0.0,
                0.0,
                0.0,
                1.0
            ]
        ],
        [
            [
                0.999898374080658,
                0.0011060787364840508,
                -0.014211734756827354,
                0.08211338520050049
            ],
            [
                -0.0010933228768408298,
                0.9999989867210388,
                0.0009053906542249024,
                0.0010074563324451447
            ],
            [
                0.014212722890079021,
                -0.0008897605002857745,
                0.9998986124992371,
                0.00390011933632195
            ],
            [
                0.0,
                0.0,
                0.0,
                1.0
            ]
        ]
    ],
    "average_pose": [
        [
            0.9911362760946327,
            0.017863647811134333,
            -0.13164259301663594,
            -1.1348080453665148
        ],
        [
            -0.014302628550430152,
            0.9995070842546527,
            0.02794679483072665,
            -0.019568068010680017
        ],
        [
            0.13207693601008588,
            -0.025816247047974753,
            0.9909032265375591,
            -0.0386356751998306
        ],
        [
            0.0,
            0.0,
            0.0,
            1.0
        ]
    ],
    "near": 1.0000000298023224,
    "far": 133.33334350585938,
    "near_ndc": 0.0,
    "far_ndc": 1.0
}