{
    "resolution": [
        576,
        1024
    ],
    "bounds": [
        1.3333333730697632,
        133.33334350585938
    ],
    "translation_scale": 1.3333333333333333,
    "train_frame_nums": [
        0,
        10,
        20,
        30
    ],
    "intrinsics": [
        [
            [
                493.9102478027344,
                0.0,
                512.0
            ],
            [
                0.0,
                493.9102478027344,
                288.0
            ],
            [
                0.0,
                0.0,
                1.0
            ]
        ],
        [
            [
                493.9102478027344,
                0.0,
                512.0
            ],
            [
                0.0,
                493.9102478027344,
                288.0
            ],
            [
                0.0,
                0.0,
                1.0
            ]
        ],
        [
            [
                493.9102478027344,
                0.0,
                512.0
            ],
            [
                0.0,
                493.9102478027344,
                288.0
            ],
            [
                0.0,
                0.0,
                1.0
            ]
        ],
        [
            [
                493.9102478027344,
                0.0,
                512.0
            ],
            [
                0.0,
                493.9102478027344,
                288.0
            ],
            [
                0.0,
                0.0,
                1.0
            ]
        ]
    ],
    "extrinsics": [
        [
            [
                0.996356189250946,
                -0.0025162927340716124,
                0.08525290340185165,
                -0.027803853154182434
            ],
            [
                0.0025824480690062046,
                0.9999964237213135,
                -0.0006657094927504659,
                -0.005056970287114382
            ],
            [
                -0.08525092899799347,
                0.0008834452019073069,
                0.9963591694831848,
                0.2520155608654022
            ],
            [
                0.0,
                0.0,
                0.0,
                1.0
            ]
        ],
        [
            [
                0.9993933439254761,
                -0.0010753471869975328,
                0.03481109440326691,
                -0.008331576362252235
            ],
            [
                0.0010748753556981683,
                0.9999994039535522,
                3.225863474654034e-05,
                -0.003482511732727289
            ],
            [
                -0.0348111093044281,
                5.178154424356762e-06,
                0.9993939399719238,
                0.07995681464672089
            ],
            [
                0.0,
                0.0,
                0.0,
                1.0
            ]
        ],
        [
            [
                0.9996039271354675,
                0.0007297869306057692,
                -0.028133628889918327,
                0.007482288405299187
            ],
            [
                -0.0007215534569695592,
                0.9999997019767761,
                0.00030281025101430714,
                0.005056784488260746
            ],
            [
                0.028133852407336235,
                -0.0002823900431394577,
                0.9996041059494019,
                -0.08371550589799881
            ],
            [
                0.0,
                0.0,
                0.0,
                1.0
            ]
        ],
        [
            [
                0.9957612752914429,
                0.002861852990463376,
                -0.0919303372502327,
                0.028653014451265335
            ],
            [
                -0.0028434982523322105,
                0.9999959468841553,
                0.0003306408179923892,
                0.0034826970659196377
            ],
            [
                0.09193092584609985,
                -6.783557182643563e-05,
                0.9957653880119324,
                -0.24825726449489594
            ],
            [
                0.0,
                0.0,
                0.0,
                1.0
            ]
        ]
    ],
    "average_pose": [
        [
            0.9444692464999207,
            0.018082223789354274,
            -0.32810192867263677,
            1.1043187560068135
        ],
        [
            -0.01524296328305302,
            0.9998208257589624,
            0.011223566679895032,
            0.14001418249895983
        ],
        [
            0.3282460883030044,
            -0.005599067913346194,
            0.9445756486127926,
            -5.1715278402925895
        ],
        [
            0.0,
            0.0,
            0.0,
            1.0
        ]
    ],
    "near": 1.0000000298023224,
    "far": 133.33334350585938,
    "near_ndc": 0.0,
    "far_ndc": 1.0
}