{
    "resolution": [
        756,
        1008
    ],
    "bounds": [
        1.3333333333333333,
        6.561312942033041
    ],
    "translation_scale": 0.1242645151584958,
    "train_frame_nums": [
        10,
        20,
        30
    ],
    "intrinsics": [
        [
            [
                767.6595458984375,
                0.0,
                504.0
            ],
            [
                0.0,
                767.6595458984375,
                378.0
            ],
            [
                0.0,
                0.0,
                1.0
            ]
        ],
        [
            [
                767.6595458984375,
                0.0,
                504.0
            ],
            [
                0.0,
                767.6595458984375,
                378.0
            ],
            [
                0.0,
                0.0,
                1.0
            ]
        ],
        [
            [
                767.6595458984375,
                0.0,
                504.0
            ],
            [
                0.0,
                767.6595458984375,
                378.0
            ],
            [
                0.0,
                0.0,
                1.0
            ]
        ]
    ],
    "extrinsics": [
        [
            [
                0.9964314699172974,
                0.001698358217254281,
                -0.08438866585493088,
                -0.48224541544914246
            ],
            [
                0.0009768226882442832,
                0.9994985461235046,
                0.03164931759238243,
                0.1880648285150528
            ],
            [
                0.08440010249614716,
                -0.03161880746483803,
                0.9959301352500916,
                -0.011610884219408035
            ],
            [
                0.0,
                0.0,
                0.0,
                1.0
            ]
        ],
        [
            [
                0.9995797276496887,
                0.0005429454613476992,
                0.028983470052480698,
                0.1904870718717575
            ],
            [
                0.001228919019922614,
                0.998132050037384,
                -0.06108081340789795,
                -0.34814417362213135
            ],
            [
                -0.02896249294281006,
                0.06109076365828514,
                0.9977119565010071,
                0.047942154109478
            ],
            [
                0.0,
                0.0,
                0.0,
                1.0
            ]
        ],
        [
            [
                0.9984614253044128,
                -0.00224130367860198,
                0.05540519580245018,
                0.29175832867622375
            ],
            [
                0.000610613904427737,
                0.9995666146278381,
                0.029431497678160667,
                0.16007933020591736
            ],
            [
                -0.05544715002179146,
                -0.02935238555073738,
                0.9980300664901733,
                -0.03633126989006996
            ],
            [
                0.0,
                0.0,
                0.0,
                1.0
            ]
        ]
    ],
    "average_pose": [
        [
            0.9994537627662654,
            -0.003412201291547944,
            -0.032871461401944316,
            0.16981817897433174
        ],
        [
            0.0034216715728594537,
            0.999994119186932,
            0.00023185167588250587,
            0.07822601165537592
        ],
        [
            0.03287047696643664,
            -0.0003442003749018147,
            0.9994595605976764,
            0.0018880020683878357
        ],
        [
            0.0,
            0.0,
            0.0,
            1.0
        ]
    ],
    "near": 1.0,
    "far": 6.561312942033041,
    "near_ndc": 0.0,
    "far_ndc": 1.0,
    "bounding_box": [
        [
            -1.5,
            -1.67,
            -1.0
        ],
        [
            1.5,
            1.67,
            1.0
        ]
    ]
}