{
    "resolution": [
        756,
        1008
    ],
    "bounds": [
        1.3333333333333333,
        8.714750985285303
    ],
    "translation_scale": 0.1018757231833438,
    "train_frame_nums": [
        7,
        15,
        25,
        33
    ],
    "intrinsics": [
        [
            [
                767.6595458984375,
                0.0,
                504.0
            ],
            [
                0.0,
                767.6595458984375,
                378.0
            ],
            [
                0.0,
                0.0,
                1.0
            ]
        ],
        [
            [
                767.6595458984375,
                0.0,
                504.0
            ],
            [
                0.0,
                767.6595458984375,
                378.0
            ],
            [
                0.0,
                0.0,
                1.0
            ]
        ],
        [
            [
                767.6595458984375,
                0.0,
                504.0
            ],
            [
                0.0,
                767.6595458984375,
                378.0
            ],
            [
                0.0,
                0.0,
                1.0
            ]
        ],
        [
            [
                767.6595458984375,
                0.0,
                504.0
            ],
            [
                0.0,
                767.6595458984375,
                378.0
            ],
            [
                0.0,
                0.0,
                1.0
            ]
        ]
    ],
    "extrinsics": [
        [
            [
                0.9997532367706299,
                -0.0034496227744966745,
                0.021943705156445503,
                0.11306322365999222
            ],
            [
                0.0026497759390622377,
                0.9993346929550171,
                0.03637515380978584,
                0.20389103889465332
            ],
            [
                -0.022054586559534073,
                -0.036308031529188156,
                0.9990972280502319,
                -0.05473640561103821
            ],
            [
                0.0,
                0.0,
                0.0,
                1.0
            ]
        ],
        [
            [
                0.9979360103607178,
                -0.0002027706941589713,
                0.06421618908643723,
                0.28041863441467285
            ],
            [
                0.0003586367529351264,
                0.9999970197677612,
                -0.0024156903382390738,
                0.006856691092252731
            ],
            [
                -0.06421550363302231,
                0.0024337347131222486,
                0.9979330897331238,
                -0.017752928659319878
            ],
            [
                0.0,
                0.0,
                0.0,
                1.0
            ]
        ],
        [
            [
                0.9999368786811829,
                -0.001242367783561349,
                -0.011166686192154884,
                -0.05092235654592514
            ],
            [
                0.0005667497753165662,
                0.9981799125671387,
                -0.0603037029504776,
                -0.28589075803756714
            ],
            [
                0.011221281252801418,
                0.060293570160865784,
                0.9981176257133484,
                0.08694766461849213
            ],
            [
                0.0,
                0.0,
                0.0,
                1.0
            ]
        ],
        [
            [
                0.9971720576286316,
                0.004894761368632317,
                -0.07499320805072784,
                -0.34255948662757874
            ],
            [
                -0.0029256760608404875,
                0.9996486306190491,
                0.026344241574406624,
                0.07514302432537079
            ],
            [
                0.07509580999612808,
                -0.02605033665895462,
                0.9968360066413879,
                -0.01445833034813404
            ],
            [
                0.0,
                0.0,
                0.0,
                1.0
            ]
        ]
    ],
    "average_pose": [
        [
            0.9999767571919578,
            -0.004517816012728564,
            -0.005106311225486497,
            4.7670476195000006e-05
        ],
        [
            0.00458082315398394,
            0.9999126802895563,
            0.01239547721499686,
            -0.008660549370487512
        ],
        [
            0.005049864858421527,
            -0.012418580217992517,
            0.9999101348272659,
            0.00814582892844098
        ],
        [
            0.0,
            0.0,
            0.0,
            1.0
        ]
    ],
    "near": 1.0,
    "far": 8.714750985285303,
    "near_ndc": 0.0,
    "far_ndc": 1.0
}