{
    "resolution": [
        756,
        1008
    ],
    "bounds": [
        1.3333333333333335,
        15.895229615776492
    ],
    "translation_scale": 0.03620756671471687,
    "train_frame_nums": [
        6,
        12,
        19
    ],
    "intrinsics": [
        [
            [
                857.118896484375,
                0.0,
                504.0
            ],
            [
                0.0,
                857.118896484375,
                378.0
            ],
            [
                0.0,
                0.0,
                1.0
            ]
        ],
        [
            [
                857.118896484375,
                0.0,
                504.0
            ],
            [
                0.0,
                857.118896484375,
                378.0
            ],
            [
                0.0,
                0.0,
                1.0
            ]
        ],
        [
            [
                857.118896484375,
                0.0,
                504.0
            ],
            [
                0.0,
                857.118896484375,
                378.0
            ],
            [
                0.0,
                0.0,
                1.0
            ]
        ]
    ],
    "extrinsics": [
        [
            [
                0.9991816878318787,
                -0.011063555255532265,
                -0.038904253393411636,
                0.12861445546150208
            ],
            [
                0.00949291605502367,
                0.9991413950920105,
                -0.04032742604613304,
                0.063474640250206
            ],
            [
                0.039317015558481216,
                0.03992511332035065,
                0.9984288215637207,
                0.03463469818234444
            ],
            [
                0.0,
                0.0,
                0.0,
                1.0
            ]
        ],
        [
            [
                0.9999710917472839,
                0.0011017282959073782,
                0.007522875908762217,
                -0.04376239329576492
            ],
            [
                -0.0011396906338632107,
                0.9999866485595703,
                0.005043834913522005,
                -0.007565501146018505
            ],
            [
                -0.007517218589782715,
                -0.005052262917160988,
                0.9999589920043945,
                -0.01024134736508131
            ],
            [
                0.0,
                0.0,
                0.0,
                1.0
            ]
        ],
        [
            [
                0.999457836151123,
                0.009961826726794243,
                0.03138137608766556,
                -0.08485206216573715
            ],
            [
                -0.011068262159824371,
                0.9993160367012024,
                0.035283591598272324,
                -0.05590914189815521
            ],
            [
                -0.03100842423737049,
                -0.035611800849437714,
                0.9988844990730286,
                -0.024393349885940552
            ],
            [
                0.0,
                0.0,
                0.0,
                1.0
            ]
        ]
    ],
    "average_pose": [
        [
            0.999978341026417,
            -0.0027004701104029016,
            -0.00600207790998993,
            0.002056465735337717
        ],
        [
            0.0028939878292410476,
            0.999468505284855,
            0.032470475483150914,
            -0.0016311473614482944
        ],
        [
            0.005911202288788063,
            -0.032487142146401866,
            0.9994546729505349,
            0.002503606621881616
        ],
        [
            0.0,
            0.0,
            0.0,
            1.0
        ]
    ],
    "near": 1.0,
    "far": 15.895229615776492,
    "near_ndc": 0.0,
    "far_ndc": 1.0,
    "bounding_box": [
        [
            -1.5,
            -1.67,
            -1.0
        ],
        [
            1.5,
            1.67,
            1.0
        ]
    ]
}