{
    "resolution": [
        756,
        1008
    ],
    "bounds": [
        1.3333333333333333,
        17.05693681394412
    ],
    "translation_scale": 0.10104165470742782,
    "train_frame_nums": [
        15,
        30,
        46
    ],
    "intrinsics": [
        [
            [
                842.2059326171875,
                0.0,
                504.0
            ],
            [
                0.0,
                842.2059326171875,
                378.0
            ],
            [
                0.0,
                0.0,
                1.0
            ]
        ],
        [
            [
                842.2059326171875,
                0.0,
                504.0
            ],
            [
                0.0,
                842.2059326171875,
                378.0
            ],
            [
                0.0,
                0.0,
                1.0
            ]
        ],
        [
            [
                842.2059326171875,
                0.0,
                504.0
            ],
            [
                0.0,
                842.2059326171875,
                378.0
            ],
            [
                0.0,
                0.0,
                1.0
            ]
        ]
    ],
    "extrinsics": [
        [
            [
                0.9825743436813354,
                0.023397643119096756,
                -0.18439160287380219,
                -0.5154482126235962
            ],
            [
                -0.012796599417924881,
                0.9982069134712219,
                0.05847381055355072,
                0.192856565117836
            ],
            [
                0.18542912602424622,
                -0.055095281451940536,
                0.9811118841171265,
                0.052796781063079834
            ],
            [
                0.0,
                0.0,
                0.0,
                1.0
            ]
        ],
        [
            [
                0.9992535710334778,
                -0.008948872797191143,
                0.03758028522133827,
                0.10781874507665634
            ],
            [
                0.009376919828355312,
                0.9998930096626282,
                -0.011229435913264751,
                0.002545525087043643
            ],
            [
                -0.03747577220201492,
                0.011573441326618195,
                0.9992305040359497,
                0.0012415476376190782
            ],
            [
                0.0,
                0.0,
                0.0,
                1.0
            ]
        ],
        [
            [
                0.9890589714050293,
                -0.014448771253228188,
                0.1468113213777542,
                0.40762946009635925
            ],
            [
                0.021601615473628044,
                0.9986497759819031,
                -0.047244373708963394,
                -0.1954020857810974
            ],
            [
                -0.1459304690361023,
                0.04989883676171303,
                0.9880356192588806,
                -0.05403833091259003
            ],
            [
                0.0,
                0.0,
                0.0,
                1.0
            ]
        ]
    ],
    "average_pose": [
        [
            0.9907618875317784,
            -0.010417182262716021,
            0.13521229429372553,
            -0.23535434612647052
        ],
        [
            0.008998953737785505,
            0.9998979449847286,
            0.01109587522198575,
            -0.026314346901607357
        ],
        [
            -0.1353140829555183,
            -0.009776601097622618,
            0.9907545190534761,
            -0.01276005550071089
        ],
        [
            0.0,
            0.0,
            0.0,
            1.0
        ]
    ],
    "near": 1.0,
    "far": 17.05693681394412,
    "near_ndc": 0.0,
    "far_ndc": 1.0,
    "bounding_box": [
        [
            -1.5,
            -1.67,
            -1.0
        ],
        [
            1.5,
            1.67,
            1.0
        ]
    ]
}