{
    "resolution": [
        756,
        1008
    ],
    "bounds": [
        1.3333333333333333,
        10.351715750522166
    ],
    "translation_scale": 0.0871465141693439,
    "train_frame_nums": [
        7,
        17
    ],
    "intrinsics": [
        [
            [
                781.1557006835938,
                0.0,
                504.0
            ],
            [
                0.0,
                781.1557006835938,
                378.0
            ],
            [
                0.0,
                0.0,
                1.0
            ]
        ],
        [
            [
                781.1557006835938,
                0.0,
                504.0
            ],
            [
                0.0,
                781.1557006835938,
                378.0
            ],
            [
                0.0,
                0.0,
                1.0
            ]
        ]
    ],
    "extrinsics": [
        [
            [
                0.9998884797096252,
                0.008770161308348179,
                -0.012090141884982586,
                0.03411313146352768
            ],
            [
                -0.007909010164439678,
                0.9975489974021912,
                0.06952260434627533,
                0.13315102458000183
            ],
            [
                0.012670233845710754,
                -0.06941922754049301,
                0.9975070953369141,
                -0.004905828274786472
            ],
            [
                0.0,
                0.0,
                0.0,
                1.0
            ]
        ],
        [
            [
                0.9998884797096252,
                -0.008770161308348179,
                0.012090141884982586,
                -0.03411313146352768
            ],
            [
                0.009590144269168377,
                0.9975342750549316,
                -0.06952260434627533,
                -0.13315102458000183
            ],
            [
                -0.011450606398284435,
                0.06963079422712326,
                0.9975070953369141,
                0.004905828274786472
            ],
            [
                0.0,
                0.0,
                0.0,
                1.0
            ]
        ]
    ],
    "average_pose": [
        [
            0.9998853059534527,
            -0.008850605297034075,
            0.012289903345687475,
            -0.08848218565036021
        ],
        [
            0.008023926437515202,
            0.9978033490752153,
            0.06575783739455829,
            -0.042961482493759154
        ],
        [
            -0.01284490338210344,
            -0.06565168208172532,
            0.9977599235772825,
            0.038182074843642284
        ],
        [
            0.0,
            0.0,
            0.0,
            1.0
        ]
    ],
    "near": 1.0,
    "far": 10.351715750522166,
    "near_ndc": 0.0,
    "far_ndc": 1.0
}