{
    "resolution": [
        756,
        1008
    ],
    "bounds": [
        1.3333333333333333,
        11.924959975885232
    ],
    "translation_scale": 0.09207261650283768,
    "train_frame_nums": [
        10,
        21,
        31
    ],
    "intrinsics": [
        [
            [
                842.8297729492188,
                0.0,
                504.0
            ],
            [
                0.0,
                842.8297729492188,
                378.0
            ],
            [
                0.0,
                0.0,
                1.0
            ]
        ],
        [
            [
                842.8297729492188,
                0.0,
                504.0
            ],
            [
                0.0,
                842.8297729492188,
                378.0
            ],
            [
                0.0,
                0.0,
                1.0
            ]
        ],
        [
            [
                842.8297729492188,
                0.0,
                504.0
            ],
            [
                0.0,
                842.8297729492188,
                378.0
            ],
            [
                0.0,
                0.0,
                1.0
            ]
        ]
    ],
    "extrinsics": [
        [
            [
                0.9998235106468201,
                -0.00265337317250669,
                -0.018599119037389755,
                -0.21487541496753693
            ],
            [
                0.0042925686575472355,
                0.9960530996322632,
                0.08865530043840408,
                0.19682803750038147
            ],
            [
                0.018290475010871887,
                -0.08871949464082718,
                0.9958887100219727,
                -0.06713073700666428
            ],
            [
                0.0,
                0.0,
                0.0,
                1.0
            ]
        ],
        [
            [
                0.999835193157196,
                0.007006912957876921,
                -0.016746485605835915,
                -0.08857880532741547
            ],
            [
                -0.006889391224831343,
                0.9999513030052185,
                0.007065095938742161,
                0.004658126272261143
            ],
            [
                0.016795175150036812,
                -0.006948558613657951,
                0.9998348355293274,
                0.013683216646313667
            ],
            [
                0.0,
                0.0,
                0.0,
                1.0
            ]
        ],
        [
            [
                0.9993656873703003,
                -0.004353539552539587,
                0.03534560650587082,
                0.3034542202949524
            ],
            [
                0.0077216122299432755,
                0.995378315448761,
                -0.09572039544582367,
                -0.20148617029190063
            ],
            [
                -0.03476552665233612,
                0.09593260288238525,
                0.9947805404663086,
                0.05344752222299576
            ],
            [
                0.0,
                0.0,
                0.0,
                1.0
            ]
        ]
    ],
    "average_pose": [
        [
            0.9997711836961325,
            -0.006966475464174044,
            0.020224946735192515,
            -0.032780191891818626
        ],
        [
            0.006837487181217663,
            0.9999558876156349,
            0.006439844087744674,
            -0.019628738164574288
        ],
        [
            -0.020268917580398744,
            -0.006300082732380345,
            0.9997747145920846,
            0.022744691858882525
        ],
        [
            0.0,
            0.0,
            0.0,
            1.0
        ]
    ],
    "near": 1.0,
    "far": 11.924959975885232,
    "near_ndc": 0.0,
    "far_ndc": 1.0,
    "bounding_box": [
        [
            -1.5,
            -1.67,
            -1.0
        ],
        [
            1.5,
            1.67,
            1.0
        ]
    ]
}