{
    "resolution": [
        756,
        1008
    ],
    "bounds": [
        1.3333333333333333,
        6.179403816938637
    ],
    "translation_scale": 0.07849926897402267,
    "train_frame_nums": [
        5,
        10,
        14
    ],
    "intrinsics": [
        [
            [
                815.131591796875,
                0.0,
                504.0
            ],
            [
                0.0,
                815.131591796875,
                378.0
            ],
            [
                0.0,
                0.0,
                1.0
            ]
        ],
        [
            [
                815.131591796875,
                0.0,
                504.0
            ],
            [
                0.0,
                815.131591796875,
                378.0
            ],
            [
                0.0,
                0.0,
                1.0
            ]
        ],
        [
            [
                815.131591796875,
                0.0,
                504.0
            ],
            [
                0.0,
                815.131591796875,
                378.0
            ],
            [
                0.0,
                0.0,
                1.0
            ]
        ]
    ],
    "extrinsics": [
        [
            [
                0.997430145740509,
                0.010533151216804981,
                0.07086744904518127,
                0.24190154671669006
            ],
            [
                -0.012134810909628868,
                0.9996797442436218,
                0.022208338603377342,
                0.0434383824467659
            ],
            [
                -0.07061082869768143,
                -0.023011229932308197,
                0.9972384572029114,
                -0.0019408264197409153
            ],
            [
                0.0,
                0.0,
                0.0,
                1.0
            ]
        ],
        [
            [
                0.9831997156143188,
                -0.004114540293812752,
                -0.18248684704303741,
                -0.5020228028297424
            ],
            [
                0.00486734276637435,
                0.9999814033508301,
                0.003677558386698365,
                -0.02544373646378517
            ],
            [
                0.18246830999851227,
                -0.004504000302404165,
                0.9832014441490173,
                0.03239388018846512
            ],
            [
                0.0,
                0.0,
                0.0,
                1.0
            ]
        ],
        [
            [
                0.9937303066253662,
                -0.0064186109229922295,
                0.11161939054727554,
                0.26012128591537476
            ],
            [
                0.00936425756663084,
                0.9996210336685181,
                -0.025885896757245064,
                -0.017994645982980728
            ],
            [
                -0.1114109456539154,
                0.02676883339881897,
                0.9934138059616089,
                -0.03045305423438549
            ],
            [
                0.0,
                0.0,
                0.0,
                1.0
            ]
        ]
    ],
    "average_pose": [
        [
            0.9997951630031899,
            -0.00503075536929117,
            -0.01960417138874554,
            -0.12790825215311558
        ],
        [
            0.005488499023318268,
            0.9997119145451723,
            0.023365878859936264,
            -0.028705724393825925
        ],
        [
            0.019480975691581658,
            -0.023468690139002858,
            0.9995347478548524,
            -0.010344296680063514
        ],
        [
            0.0,
            0.0,
            0.0,
            1.0
        ]
    ],
    "near": 1.0,
    "far": 6.179403816938637,
    "near_ndc": 0.0,
    "far_ndc": 1.0,
    "bounding_box": [
        [
            -1.5,
            -1.67,
            -1.0
        ],
        [
            1.5,
            1.67,
            1.0
        ]
    ]
}