{
    "resolution": [
        756,
        1008
    ],
    "bounds": [
        1.3333333333333333,
        16.11097686151239
    ],
    "translation_scale": 0.035804751993316536,
    "train_frame_nums": [
        5,
        10,
        15,
        20
    ],
    "intrinsics": [
        [
            [
                857.118896484375,
                0.0,
                504.0
            ],
            [
                0.0,
                857.118896484375,
                378.0
            ],
            [
                0.0,
                0.0,
                1.0
            ]
        ],
        [
            [
                857.118896484375,
                0.0,
                504.0
            ],
            [
                0.0,
                857.118896484375,
                378.0
            ],
            [
                0.0,
                0.0,
                1.0
            ]
        ],
        [
            [
                857.118896484375,
                0.0,
                504.0
            ],
            [
                0.0,
                857.118896484375,
                378.0
            ],
            [
                0.0,
                0.0,
                1.0
            ]
        ],
        [
            [
                857.118896484375,
                0.0,
                504.0
            ],
            [
                0.0,
                857.118896484375,
                378.0
            ],
            [
                0.0,
                0.0,
                1.0
            ]
        ]
    ],
    "extrinsics": [
        [
            [
                0.9989734292030334,
                -0.014324456453323364,
                -0.04297545179724693,
                0.14228633046150208
            ],
            [
                0.011998668313026428,
                0.9984744191169739,
                -0.05389708653092384,
                0.08627082407474518
            ],
            [
                0.04368193820118904,
                0.053326111286878586,
                0.9976212978363037,
                0.04533219337463379
            ],
            [
                0.0,
                0.0,
                0.0,
                1.0
            ]
        ],
        [
            [
                0.9990242123603821,
                0.0038088804576545954,
                0.044000957161188126,
                -0.16701821982860565
            ],
            [
                -0.00320583488792181,
                0.9999001026153564,
                -0.013767724856734276,
                0.012564348988234997
            ],
            [
                -0.04404899850487709,
                0.013613231480121613,
                0.9989365935325623,
                -0.006161479279398918
            ],
            [
                0.0,
                0.0,
                0.0,
                1.0
            ]
        ],
        [
            [
                0.997800350189209,
                0.0009541047620587051,
                -0.06628414243459702,
                0.17932015657424927
            ],
            [
                0.00011392009764676914,
                0.999870240688324,
                0.01610717736184597,
                -0.017130624502897263
            ],
            [
                0.06629091501235962,
                -0.01607929728925228,
                0.9976707696914673,
                -0.01668730191886425
            ],
            [
                0.0,
                0.0,
                0.0,
                1.0
            ]
        ],
        [
            [
                0.9978225827217102,
                0.009561470709741116,
                0.06525864452123642,
                -0.1545882523059845
            ],
            [
                -0.012940711341798306,
                0.9985861778259277,
                0.05155763402581215,
                -0.08170454204082489
            ],
            [
                -0.06467340886592865,
                -0.05228986591100693,
                0.9965355396270752,
                -0.02248341217637062
            ],
            [
                0.0,
                0.0,
                0.0,
                1.0
            ]
        ]
    ],
    "average_pose": [
        [
            0.999993142714564,
            -0.001619877179539382,
            -0.0033302435005218784,
            -0.003814025750197395
        ],
        [
            0.0017270233230668964,
            0.9994726263941198,
            0.0324266322531573,
            -0.010372257372913859
        ],
        [
            0.0032759600564023442,
            -0.03243216130268112,
            0.9994685702907049,
            -0.013542982657607814
        ],
        [
            0.0,
            0.0,
            0.0,
            1.0
        ]
    ],
    "near": 1.0,
    "far": 16.11097686151239,
    "near_ndc": 0.0,
    "far_ndc": 1.0
}