{
    "resolution": [
        576,
        1024
    ],
    "bounds": [
        1.3333333730697632,
        133.33334350585938
    ],
    "translation_scale": 1.3333333333333333,
    "train_frame_nums": [
        10,
        20
    ],
    "intrinsics": [
        [
            [
                525.3306884765625,
                0.0,
                512.0
            ],
            [
                0.0,
                525.3306884765625,
                288.0
            ],
            [
                0.0,
                0.0,
                1.0
            ]
        ],
        [
            [
                525.3306884765625,
                0.0,
                512.0
            ],
            [
                0.0,
                525.3306884765625,
                288.0
            ],
            [
                0.0,
                0.0,
                1.0
            ]
        ]
    ],
    "extrinsics": [
        [
            [
                0.999990701675415,
                -0.0012144801439717412,
                -0.004132614936679602,
                0.014634360559284687
            ],
            [
                0.001200926024466753,
                0.9999938607215881,
                -0.003280415665358305,
                -0.05005991831421852
            ],
            [
                0.004136578645557165,
                0.0032754221465438604,
                0.9999861121177673,
                0.22376291453838348
            ],
            [
                0.0,
                0.0,
                0.0,
                1.0
            ]
        ],
        [
            [
                0.9999907612800598,
                0.001214478979818523,
                0.004132620058953762,
                -0.014634395018219948
            ],
            [
                -0.0012280397349968553,
                0.9999938607215881,
                0.003280415665358305,
                0.05005998536944389
            ],
            [
                -0.004128610715270042,
                -0.0032854601740837097,
                0.9999860525131226,
                -0.22376295924186707
            ],
            [
                0.0,
                0.0,
                0.0,
                1.0
            ]
        ]
    ],
    "average_pose": [
        [
            0.9979359426203942,
            0.02626767954195066,
            -0.05859917608488115,
            0.28064353761693955
        ],
        [
            -0.026844399302714327,
            0.9995984194468143,
            -0.009076236307363325,
            -0.666607986972962
        ],
        [
            0.05833723212856391,
            0.010630562116466683,
            0.9982403310308924,
            -6.4349661132355385
        ],
        [
            0.0,
            0.0,
            0.0,
            1.0
        ]
    ],
    "near": 1.0000000298023224,
    "far": 133.33334350585938,
    "near_ndc": 0.0,
    "far_ndc": 1.0
}