{
    "resolution": [
        756,
        1008
    ],
    "bounds": [
        1.3333333333333333,
        5.868907342977516
    ],
    "translation_scale": 0.07603626639342781,
    "train_frame_nums": [
        4,
        7,
        12,
        15
    ],
    "intrinsics": [
        [
            [
                815.131591796875,
                0.0,
                504.0
            ],
            [
                0.0,
                815.131591796875,
                378.0
            ],
            [
                0.0,
                0.0,
                1.0
            ]
        ],
        [
            [
                815.131591796875,
                0.0,
                504.0
            ],
            [
                0.0,
                815.131591796875,
                378.0
            ],
            [
                0.0,
                0.0,
                1.0
            ]
        ],
        [
            [
                815.131591796875,
                0.0,
                504.0
            ],
            [
                0.0,
                815.131591796875,
                378.0
            ],
            [
                0.0,
                0.0,
                1.0
            ]
        ],
        [
            [
                815.131591796875,
                0.0,
                504.0
            ],
            [
                0.0,
                815.131591796875,
                378.0
            ],
            [
                0.0,
                0.0,
                1.0
            ]
        ]
    ],
    "extrinsics": [
        [
            [
                0.9990891814231873,
                0.010129071772098541,
                0.04145071282982826,
                0.1441500037908554
            ],
            [
                -0.01068936102092266,
                0.9998541474342346,
                0.01331776101142168,
                0.08032736927270889
            ],
            [
                -0.04130977392196655,
                -0.013748712837696075,
                0.9990518093109131,
                -0.004215681459754705
            ],
            [
                0.0,
                0.0,
                0.0,
                1.0
            ]
        ],
        [
            [
                0.9937182664871216,
                0.010024791583418846,
                -0.11146087199449539,
                -0.23855547606945038
            ],
            [
                -0.0075471894815564156,
                0.9997154474258423,
                0.02262820303440094,
                0.03871876746416092
            ],
            [
                0.11165600270032883,
                -0.021644841879606247,
                0.9935111403465271,
                0.021600017324090004
            ],
            [
                0.0,
                0.0,
                0.0,
                1.0
            ]
        ],
        [
            [
                0.9998259544372559,
                -0.012269404716789722,
                -0.014055436477065086,
                -0.1296490728855133
            ],
            [
                0.012494406662881374,
                0.9997934103012085,
                0.016033783555030823,
                -0.03298520669341087
            ],
            [
                0.013855807483196259,
                -0.016206607222557068,
                0.9997726678848267,
                0.012399019673466682
            ],
            [
                0.0,
                0.0,
                0.0,
                1.0
            ]
        ],
        [
            [
                0.9964290261268616,
                -0.007884458638727665,
                0.08406560122966766,
                0.22405454516410828
            ],
            [
                0.01228678785264492,
                0.9985725283622742,
                -0.05197974666953087,
                -0.08606092631816864
            ],
            [
                -0.08353576809167862,
                0.052827026695013046,
                0.9951035380363464,
                -0.029783355072140694
            ],
            [
                0.0,
                0.0,
                0.0,
                1.0
            ]
        ]
    ],
    "average_pose": [
        [
            0.9997814413868671,
            -0.010440380392336052,
            0.018112645186768566,
            -0.18224106255277528
        ],
        [
            0.010134862873960862,
            0.999806186449711,
            0.01687821351363565,
            -0.008190571646567746
        ],
        [
            -0.018285349680125216,
            -0.016690955459445347,
            0.999693482019827,
            -0.000824398130754803
        ],
        [
            0.0,
            0.0,
            0.0,
            1.0
        ]
    ],
    "near": 1.0,
    "far": 5.868907342977516,
    "near_ndc": 0.0,
    "far_ndc": 1.0
}