{
    "resolution": [
        756,
        1008
    ],
    "bounds": [
        1.3333333333333335,
        12.110665376041265
    ],
    "translation_scale": 0.0883393695366168,
    "train_frame_nums": [
        13,
        28
    ],
    "intrinsics": [
        [
            [
                842.8297729492188,
                0.0,
                504.0
            ],
            [
                0.0,
                842.8297729492188,
                378.0
            ],
            [
                0.0,
                0.0,
                1.0
            ]
        ],
        [
            [
                842.8297729492188,
                0.0,
                504.0
            ],
            [
                0.0,
                842.8297729492188,
                378.0
            ],
            [
                0.0,
                0.0,
                1.0
            ]
        ]
    ],
    "extrinsics": [
        [
            [
                0.9999832510948181,
                0.0003774872166104615,
                -0.005773736629635096,
                -0.28856420516967773
            ],
            [
                -0.00012464995961636305,
                0.9990434050559998,
                0.04372874274849892,
                0.08066396415233612
            ],
            [
                0.0057847206480801105,
                -0.043727293610572815,
                0.9990267753601074,
                -0.02614784426987171
            ],
            [
                0.0,
                0.0,
                0.0,
                1.0
            ]
        ],
        [
            [
                0.9999832510948181,
                -0.0003774872166104615,
                0.005773736629635096,
                0.28856420516967773
            ],
            [
                0.0006296148640103638,
                0.9990432262420654,
                -0.04372874274849892,
                -0.08066396415233612
            ],
            [
                -0.005751705728471279,
                0.04373164847493172,
                0.9990267753601074,
                0.02614784426987171
            ],
            [
                0.0,
                0.0,
                0.0,
                1.0
            ]
        ]
    ],
    "average_pose": [
        [
            0.9994802213685118,
            -0.00680807467688116,
            0.031510906244422106,
            -0.021849109672003656
        ],
        [
            0.006560710943413605,
            0.9999469009381653,
            0.007946846926669936,
            0.006582936536226787
        ],
        [
            -0.03156333577218549,
            -0.007735982378015086,
            0.999471815716471,
            0.04581365864070821
        ],
        [
            0.0,
            0.0,
            0.0,
            1.0
        ]
    ],
    "near": 1.0,
    "far": 12.110665376041265,
    "near_ndc": 0.0,
    "far_ndc": 1.0
}