{
    "resolution": [
        576,
        1024
    ],
    "bounds": [
        1.3333333730697632,
        133.33334350585938
    ],
    "translation_scale": 1.3333333333333333,
    "train_frame_nums": [
        10,
        20,
        30
    ],
    "intrinsics": [
        [
            [
                493.9102478027344,
                0.0,
                512.0
            ],
            [
                0.0,
                493.9102478027344,
                288.0
            ],
            [
                0.0,
                0.0,
                1.0
            ]
        ],
        [
            [
                493.9102478027344,
                0.0,
                512.0
            ],
            [
                0.0,
                493.9102478027344,
                288.0
            ],
            [
                0.0,
                0.0,
                1.0
            ]
        ],
        [
            [
                493.9102478027344,
                0.0,
                512.0
            ],
            [
                0.0,
                493.9102478027344,
                288.0
            ],
            [
                0.0,
                0.0,
                1.0
            ]
        ]
    ],
    "extrinsics": [
        [
            [
                0.9979968070983887,
                -0.0019099165219813585,
                0.06323568522930145,
                -0.012922374531626701
            ],
            [
                0.0019224070711061358,
                0.999998152256012,
                -0.00013668648898601532,
                -0.0052154893055558205
            ],
            [
                -0.06323530524969101,
                0.0002579770516604185,
                0.9979986548423767,
                0.16439533233642578
            ],
            [
                0.0,
                0.0,
                0.0,
                1.0
            ]
        ],
        [
            [
                0.9999999403953552,
                -0.00011369731510058045,
                0.0003222286468371749,
                -0.0017795057501643896
            ],
            [
                0.00011367114348104224,
                1.0,
                8.087815513135865e-05,
                0.0033695693127810955
            ],
            [
                -0.0003222276864107698,
                -8.084117871476337e-05,
                0.9999999403953552,
                0.00034119252813979983
            ],
            [
                0.0,
                0.0,
                0.0,
                1.0
            ]
        ],
        [
            [
                0.9979760646820068,
                0.0020236133132129908,
                -0.06355787813663483,
                0.01470175851136446
            ],
            [
                -0.0020241588354110718,
                0.9999979734420776,
                5.5808286560932174e-05,
                0.0018459262792021036
            ],
            [
                0.06355788558721542,
                7.295593240996823e-05,
                0.997978150844574,
                -0.16473670303821564
            ],
            [
                0.0,
                0.0,
                0.0,
                1.0
            ]
        ]
    ],
    "average_pose": [
        [
            0.9347331591872191,
            0.01906922534347061,
            -0.35483839386498295,
            1.2442766301187873
        ],
        [
            -0.016102492725789307,
            0.9998063533115503,
            0.011312188376922466,
            0.14182111067980172
        ],
        [
            0.3549853952543634,
            -0.004860094922840033,
            0.9348592132687382,
            -5.222212720798861
        ],
        [
            0.0,
            0.0,
            0.0,
            1.0
        ]
    ],
    "near": 1.0000000298023224,
    "far": 133.33334350585938,
    "near_ndc": 0.0,
    "far_ndc": 1.0,
    "bounding_box": [
        [
            -1.5,
            -1.67,
            -1.0
        ],
        [
            1.5,
            1.67,
            1.0
        ]
    ]
}