{
    "resolution": [
        576,
        1024
    ],
    "bounds": [
        1.3333333730697632,
        133.33334350585938
    ],
    "translation_scale": 1.3333333333333333,
    "train_frame_nums": [
        10,
        20,
        30
    ],
    "intrinsics": [
        [
            [
                853.7550048828125,
                0.0,
                512.0
            ],
            [
                0.0,
                853.7550048828125,
                288.0
            ],
            [
                0.0,
                0.0,
                1.0
            ]
        ],
        [
            [
                853.7550048828125,
                0.0,
                512.0
            ],
            [
                0.0,
                853.7550048828125,
                288.0
            ],
            [
                0.0,
                0.0,
                1.0
            ]
        ],
        [
            [
                853.7550048828125,
                0.0,
                512.0
            ],
            [
                0.0,
                853.7550048828125,
                288.0
            ],
            [
                0.0,
                0.0,
                1.0
            ]
        ]
    ],
    "extrinsics": [
        [
            [
                0.9995647072792053,
                -0.002541369991376996,
                0.029391711577773094,
                -0.15498101711273193
            ],
            [
                0.002591643249616027,
                0.9999952912330627,
                -0.001672531245276332,
                -0.0016409921227023005
            ],
            [
                -0.02938731573522091,
                0.0017479758244007826,
                0.9995665550231934,
                -0.005726146977394819
            ],
            [
                0.0,
                0.0,
                0.0,
                1.0
            ]
        ],
        [
            [
                0.999999463558197,
                -0.0003569610125850886,
                0.0009689180296845734,
                0.009342229925096035
            ],
            [
                0.00035686613409779966,
                0.9999999403953552,
                9.670585859566927e-05,
                0.0006077989237383008
            ],
            [
                -0.0009689514990895987,
                -9.6359864983242e-05,
                0.9999995231628418,
                -0.0004182571137789637
            ],
            [
                0.0,
                0.0,
                0.0,
                1.0
            ]
        ],
        [
            [
                0.9995348453521729,
                0.002898329170420766,
                -0.030360637232661247,
                0.14563876390457153
            ],
            [
                -0.002851796569302678,
                0.999994695186615,
                0.0015758262015879154,
                0.0010331895900890231
            ],
            [
                0.030365031212568283,
                -0.0014885098207741976,
                0.9995378255844116,
                0.006144389044493437
            ],
            [
                0.0,
                0.0,
                0.0,
                1.0
            ]
        ]
    ],
    "average_pose": [
        [
            0.9889951027748184,
            0.019702198577948384,
            -0.1466305222612987,
            -1.2069372228980801
        ],
        [
            -0.01585526532697566,
            0.9994999410775948,
            0.027358332319348064,
            -0.017362439768757912
        ],
        [
            0.1470962176564623,
            -0.024732390848435367,
            0.9888129305354391,
            -0.0528020256675032
        ],
        [
            0.0,
            0.0,
            0.0,
            1.0
        ]
    ],
    "near": 1.0000000298023224,
    "far": 133.33334350585938,
    "near_ndc": 0.0,
    "far_ndc": 1.0
}