{
    "resolution": [
        576,
        1024
    ],
    "bounds": [
        1.3333333730697632,
        133.33334350585938
    ],
    "translation_scale": 1.3333333333333333,
    "train_frame_nums": [
        10,
        20,
        30
    ],
    "intrinsics": [
        [
            [
                482.5645751953125,
                0.0,
                512.0
            ],
            [
                0.0,
                482.5645751953125,
                288.0
            ],
            [
                0.0,
                0.0,
                1.0
            ]
        ],
        [
            [
                482.5645751953125,
                0.0,
                512.0
            ],
            [
                0.0,
                482.5645751953125,
                288.0
            ],
            [
                0.0,
                0.0,
                1.0
            ]
        ],
        [
            [
                482.5645751953125,
                0.0,
                512.0
            ],
            [
                0.0,
                482.5645751953125,
                288.0
            ],
            [
                0.0,
                0.0,
                1.0
            ]
        ]
    ],
    "extrinsics": [
        [
            [
                0.9998180866241455,
                -0.0012206638930365443,
                0.019035767763853073,
                -0.044197581708431244
            ],
            [
                0.001231217524036765,
                0.9999991059303284,
                -0.0005427174619399011,
                -0.0031551355496048927
            ],
            [
                -0.019035084173083305,
                0.0005660565802827477,
                0.9998186826705933,
                0.30617567896842957
            ],
            [
                0.0,
                0.0,
                0.0,
                1.0
            ]
        ],
        [
            [
                0.999998152256012,
                0.00020561179553624243,
                -0.0018962102476507425,
                -0.010630284436047077
            ],
            [
                -0.0002066515589831397,
                0.9999998211860657,
                -0.0005481565021909773,
                0.0022060039918869734
            ],
            [
                0.001896092901006341,
                0.0005485481815412641,
                0.9999980330467224,
                0.0014207189669832587
            ],
            [
                0.0,
                0.0,
                0.0,
                1.0
            ]
        ],
        [
            [
                0.9998525977134705,
                0.0010150521993637085,
                -0.01713956519961357,
                0.05482788383960724
            ],
            [
                -0.0009965004865080118,
                0.999998927116394,
                0.0010908759431913495,
                0.0009491266100667417
            ],
            [
                0.017140645533800125,
                -0.0010736350668594241,
                0.9998524785041809,
                -0.30759623646736145
            ],
            [
                0.0,
                0.0,
                0.0,
                1.0
            ]
        ]
    ],
    "average_pose": [
        [
            0.9911507007780513,
            0.006569170795661831,
            -0.13257878541544768,
            0.048389166710633
        ],
        [
            -0.007245010352455722,
            0.9999631010254734,
            -0.0046158869691488354,
            -0.03341621087497149
        ],
        [
            0.132543570844348,
            0.005535574277035067,
            0.9911617220440128,
            -1.9810171286290783
        ],
        [
            0.0,
            0.0,
            0.0,
            1.0
        ]
    ],
    "near": 1.0000000298023224,
    "far": 133.33334350585938,
    "near_ndc": 0.0,
    "far_ndc": 1.0,
    "bounding_box": [
        [
            -1.5,
            -1.67,
            -1.0
        ],
        [
            1.5,
            1.67,
            1.0
        ]
    ]
}