{
    "resolution": [
        576,
        1024
    ],
    "bounds": [
        1.3333333730697632,
        133.33334350585938
    ],
    "translation_scale": 1.3333333333333333,
    "train_frame_nums": [
        0,
        10,
        20,
        30
    ],
    "intrinsics": [
        [
            [
                519.0487670898438,
                0.0,
                512.0
            ],
            [
                0.0,
                519.0487670898438,
                288.0
            ],
            [
                0.0,
                0.0,
                1.0
            ]
        ],
        [
            [
                519.0487670898438,
                0.0,
                512.0
            ],
            [
                0.0,
                519.0487670898438,
                288.0
            ],
            [
                0.0,
                0.0,
                1.0
            ]
        ],
        [
            [
                519.0487670898438,
                0.0,
                512.0
            ],
            [
                0.0,
                519.0487670898438,
                288.0
            ],
            [
                0.0,
                0.0,
                1.0
            ]
        ],
        [
            [
                519.0487670898438,
                0.0,
                512.0
            ],
            [
                0.0,
                519.0487670898438,
                288.0
            ],
            [
                0.0,
                0.0,
                1.0
            ]
        ]
    ],
    "extrinsics": [
        [
            [
                0.9867404699325562,
                0.019777512177824974,
                -0.16109679639339447,
                -0.07557486742734909
            ],
            [
                -0.018898900598287582,
                0.999796986579895,
                0.00698455236852169,
                -0.02265987917780876
            ],
            [
                0.16120223701000214,
                -0.003847388317808509,
                0.9869138598442078,
                0.1166234239935875
            ],
            [
                0.0,
                0.0,
                0.0,
                1.0
            ]
        ],
        [
            [
                0.9983327984809875,
                0.008108261972665787,
                -0.057148054242134094,
                -0.02586178481578827
            ],
            [
                -0.008101599290966988,
                0.9999671578407288,
                0.0003482192405499518,
                -0.009606406092643738
            ],
            [
                0.057149022817611694,
                0.00011535453813849017,
                0.9983656406402588,
                0.03560919687151909
            ],
            [
                0.0,
                0.0,
                0.0,
                1.0
            ]
        ],
        [
            [
                0.9986620545387268,
                -0.00510815903544426,
                0.051458705216646194,
                0.020859286189079285
            ],
            [
                0.00528353825211525,
                0.9999806880950928,
                -0.0032726931385695934,
                0.007205764297395945
            ],
            [
                -0.051441043615341187,
                0.0035402008797973394,
                0.9986697435379028,
                -0.040100522339344025
            ],
            [
                0.0,
                0.0,
                0.0,
                1.0
            ]
        ],
        [
            [
                0.985729992389679,
                -0.022777613252401352,
                0.16678616404533386,
                0.08057736605405807
            ],
            [
                0.023787593469023705,
                0.9997088313102722,
                -0.004060070496052504,
                0.02506052516400814
            ],
            [
                -0.1666450798511505,
                0.007969577796757221,
                0.985984742641449,
                -0.11213210225105286
            ],
            [
                0.0,
                0.0,
                0.0,
                1.0
            ]
        ]
    ],
    "average_pose": [
        [
            0.8540165505913018,
            -0.08219251410425854,
            0.513712100248141,
            -0.3292408551069865
        ],
        [
            0.06750721757366332,
            0.9966004390441833,
            0.04722648062689983,
            0.05931016612102775
        ],
        [
            -0.5158473678246277,
            -0.005652921559877148,
            0.8566618572028528,
            -0.36966816427491056
        ],
        [
            0.0,
            0.0,
            0.0,
            1.0
        ]
    ],
    "near": 1.0000000298023224,
    "far": 133.33334350585938,
    "near_ndc": 0.0,
    "far_ndc": 1.0
}