{
    "resolution": [
        756,
        1008
    ],
    "bounds": [
        1.3333333333333333,
        9.222985303165459
    ],
    "translation_scale": 0.09016127800895134,
    "train_frame_nums": [
        4,
        10,
        14,
        20
    ],
    "intrinsics": [
        [
            [
                781.1557006835938,
                0.0,
                504.0
            ],
            [
                0.0,
                781.1557006835938,
                378.0
            ],
            [
                0.0,
                0.0,
                1.0
            ]
        ],
        [
            [
                781.1557006835938,
                0.0,
                504.0
            ],
            [
                0.0,
                781.1557006835938,
                378.0
            ],
            [
                0.0,
                0.0,
                1.0
            ]
        ],
        [
            [
                781.1557006835938,
                0.0,
                504.0
            ],
            [
                0.0,
                781.1557006835938,
                378.0
            ],
            [
                0.0,
                0.0,
                1.0
            ]
        ],
        [
            [
                781.1557006835938,
                0.0,
                504.0
            ],
            [
                0.0,
                781.1557006835938,
                378.0
            ],
            [
                0.0,
                0.0,
                1.0
            ]
        ]
    ],
    "extrinsics": [
        [
            [
                0.9925854206085205,
                -0.06455036997795105,
                0.10299217700958252,
                0.3423447906970978
            ],
            [
                0.04723874479532242,
                0.9855848550796509,
                0.16245289146900177,
                0.32320383191108704
            ],
            [
                -0.11199392378330231,
                -0.15638314187526703,
                0.9813264608383179,
                0.05854545533657074
            ],
            [
                0.0,
                0.0,
                0.0,
                1.0
            ]
        ],
        [
            [
                0.9965956211090088,
                0.047743093222379684,
                -0.067214235663414,
                -0.24717411398887634
            ],
            [
                -0.04937136918306351,
                0.9985207915306091,
                -0.022775230929255486,
                -0.02372846007347107
            ],
            [
                0.0660274475812912,
                0.026016153395175934,
                0.9974786043167114,
                -0.013829566538333893
            ],
            [
                0.0,
                0.0,
                0.0,
                1.0
            ]
        ],
        [
            [
                0.9856557250022888,
                -0.082131527364254,
                0.14743541181087494,
                0.3119328022003174
            ],
            [
                0.07584592700004578,
                0.995974600315094,
                0.047769732773303986,
                0.03383125364780426
            ],
            [
                -0.1507653295993805,
                -0.03590213507413864,
                0.987917423248291,
                0.024233918637037277
            ],
            [
                0.0,
                0.0,
                0.0,
                1.0
            ]
        ],
        [
            [
                0.9780817627906799,
                0.09893880784511566,
                -0.18321335315704346,
                -0.4071035087108612
            ],
            [
                -0.13355271518230438,
                0.9731531739234924,
                -0.18744738399982452,
                -0.3333066403865814
            ],
            [
                0.159748837351799,
                0.2078075110912323,
                0.9650369882583618,
                -0.06894981116056442
            ],
            [
                0.0,
                0.0,
                0.0,
                1.0
            ]
        ]
    ],
    "average_pose": [
        [
            0.999284643190071,
            0.0005072675661066126,
            -0.03781460781376165,
            -0.00595507364433838
        ],
        [
            0.001564801697806634,
            0.998499101575158,
            0.054745735443491726,
            -0.010425109591712204
        ],
        [
            0.037785622664431084,
            -0.05476574507133651,
            0.9977840246699897,
            -0.035866540430063376
        ],
        [
            0.0,
            0.0,
            0.0,
            1.0
        ]
    ],
    "near": 1.0,
    "far": 9.222985303165459,
    "near_ndc": 0.0,
    "far_ndc": 1.0
}