{
    "resolution": [
        756,
        1008
    ],
    "bounds": [
        1.3333333333333333,
        8.89924029706947
    ],
    "translation_scale": 0.08746458538681338,
    "train_frame_nums": [
        5,
        12,
        19
    ],
    "intrinsics": [
        [
            [
                781.1557006835938,
                0.0,
                504.0
            ],
            [
                0.0,
                781.1557006835938,
                378.0
            ],
            [
                0.0,
                0.0,
                1.0
            ]
        ],
        [
            [
                781.1557006835938,
                0.0,
                504.0
            ],
            [
                0.0,
                781.1557006835938,
                378.0
            ],
            [
                0.0,
                0.0,
                1.0
            ]
        ],
        [
            [
                781.1557006835938,
                0.0,
                504.0
            ],
            [
                0.0,
                781.1557006835938,
                378.0
            ],
            [
                0.0,
                0.0,
                1.0
            ]
        ]
    ],
    "extrinsics": [
        [
            [
                0.9897665977478027,
                -0.062101177871227264,
                0.12847405672073364,
                0.35963577032089233
            ],
            [
                0.05503290146589279,
                0.9968068599700928,
                0.05785724148154259,
                0.13476485013961792
            ],
            [
                -0.13165682554244995,
                -0.050194863229990005,
                0.9900237321853638,
                0.023622460663318634
            ],
            [
                0.0,
                0.0,
                0.0,
                1.0
            ]
        ],
        [
            [
                0.9996055364608765,
                -0.018577301874756813,
                0.021063340827822685,
                0.004405500367283821
            ],
            [
                0.018142644315958023,
                0.9996222853660583,
                0.020642397925257683,
                -0.006370693910866976
            ],
            [
                -0.02143886499106884,
                -0.020252110436558723,
                0.9995650053024292,
                0.012841256335377693
            ],
            [
                0.0,
                0.0,
                0.0,
                1.0
            ]
        ],
        [
            [
                0.98545902967453,
                0.08067847788333893,
                -0.14953739941120148,
                -0.364041268825531
            ],
            [
                -0.09317091107368469,
                0.9925507307052612,
                -0.07849963754415512,
                -0.12839415669441223
            ],
            [
                0.14209023118019104,
                0.09129071980714798,
                0.985634982585907,
                -0.036463718861341476
            ],
            [
                0.0,
                0.0,
                0.0,
                1.0
            ]
        ]
    ],
    "average_pose": [
        [
            0.9983159916761183,
            0.013185519531484606,
            -0.05649179443435317,
            6.80954923307278e-05
        ],
        [
            -0.009654266601460397,
            0.9980087662262811,
            0.06233215600221065,
            -0.018860209264612602
        ],
        [
            0.0572011879257442,
            -0.0616818012883933,
            0.996455407677485,
            -0.007115116268298706
        ],
        [
            0.0,
            0.0,
            0.0,
            1.0
        ]
    ],
    "near": 1.0,
    "far": 8.89924029706947,
    "near_ndc": 0.0,
    "far_ndc": 1.0
}