{
    "resolution": [
        756,
        1008
    ],
    "bounds": [
        1.3333333333333333,
        10.492573491773053
    ],
    "translation_scale": 0.11519391233636231,
    "train_frame_nums": [
        13,
        27
    ],
    "intrinsics": [
        [
            [
                767.6595458984375,
                0.0,
                504.0
            ],
            [
                0.0,
                767.6595458984375,
                378.0
            ],
            [
                0.0,
                0.0,
                1.0
            ]
        ],
        [
            [
                767.6595458984375,
                0.0,
                504.0
            ],
            [
                0.0,
                767.6595458984375,
                378.0
            ],
            [
                0.0,
                0.0,
                1.0
            ]
        ]
    ],
    "extrinsics": [
        [
            [
                0.9991046786308289,
                -0.00208906433545053,
                -0.04225493595004082,
                -0.2397400289773941
            ],
            [
                0.00337396701797843,
                0.9995333552360535,
                0.03035992942750454,
                0.17841486632823944
            ],
            [
                0.042171791195869446,
                -0.03047531470656395,
                0.9986454844474792,
                -0.0909232571721077
            ],
            [
                0.0,
                0.0,
                0.0,
                1.0
            ]
        ],
        [
            [
                0.9991046786308289,
                0.00208906433545053,
                0.04225493595004082,
                0.2397400289773941
            ],
            [
                -0.0008059654501266778,
                0.9995387196540833,
                -0.03035992942750454,
                -0.17841486632823944
            ],
            [
                -0.04229886829853058,
                0.030298691242933273,
                0.9986454844474792,
                0.0909232571721077
            ],
            [
                0.0,
                0.0,
                0.0,
                1.0
            ]
        ]
    ],
    "average_pose": [
        [
            0.9999917678097817,
            -0.0036109982350228972,
            0.0018506767449802878,
            -0.03888182589900659
        ],
        [
            0.003527482044971892,
            0.999055850226584,
            0.043300866024359466,
            -0.15980251991023922
        ],
        [
            -0.002005288779739774,
            -0.043293981334404784,
            0.9990603635402249,
            0.03507017908843099
        ],
        [
            0.0,
            0.0,
            0.0,
            1.0
        ]
    ],
    "near": 1.0,
    "far": 10.492573491773053,
    "near_ndc": 0.0,
    "far_ndc": 1.0
}