{
    "resolution": [
        576,
        1024
    ],
    "bounds": [
        1.3333333730697632,
        133.33334350585938
    ],
    "translation_scale": 1.3333333333333333,
    "train_frame_nums": [
        0,
        10,
        20,
        30
    ],
    "intrinsics": [
        [
            [
                482.5645751953125,
                0.0,
                512.0
            ],
            [
                0.0,
                482.5645751953125,
                288.0
            ],
            [
                0.0,
                0.0,
                1.0
            ]
        ],
        [
            [
                482.5645751953125,
                0.0,
                512.0
            ],
            [
                0.0,
                482.5645751953125,
                288.0
            ],
            [
                0.0,
                0.0,
                1.0
            ]
        ],
        [
            [
                482.5645751953125,
                0.0,
                512.0
            ],
            [
                0.0,
                482.5645751953125,
                288.0
            ],
            [
                0.0,
                0.0,
                1.0
            ]
        ],
        [
            [
                482.5645751953125,
                0.0,
                512.0
            ],
            [
                0.0,
                482.5645751953125,
                288.0
            ],
            [
                0.0,
                0.0,
                1.0
            ]
        ]
    ],
    "extrinsics": [
        [
            [
                0.9994949102401733,
                -0.0018438136903569102,
                0.03172491490840912,
                -0.056985270231962204
            ],
            [
                0.0018878300907090306,
                0.9999973177909851,
                -0.001357525703497231,
                0.002738193841651082
            ],
            [
                -0.03172232583165169,
                0.0014167316257953644,
                0.9994956851005554,
                0.4830344617366791
            ],
            [
                0.0,
                0.0,
                0.0,
                1.0
            ]
        ],
        [
            [
                0.9999640583992004,
                -0.0006118330638855696,
                0.008460146375000477,
                -0.02844010479748249
            ],
            [
                0.0006127163069322705,
                0.9999998211860657,
                -0.00010185254359384999,
                -0.0039023435674607754
            ],
            [
                -0.008460077457129955,
                0.00010703326552174985,
                0.9999642372131348,
                0.14468099176883698
            ],
            [
                0.0,
                0.0,
                0.0,
                1.0
            ]
        ],
        [
            [
                0.9999218583106995,
                0.0008145482279360294,
                -0.012472557835280895,
                0.008351733908057213
            ],
            [
                -0.000815789622720331,
                0.9999997019767761,
                -9.444195165997371e-05,
                0.0013003990752622485
            ],
            [
                0.012472473084926605,
                0.00010461039346409962,
                0.9999222159385681,
                -0.15970425307750702
            ],
            [
                0.0,
                0.0,
                0.0,
                1.0
            ]
        ],
        [
            [
                0.9996145963668823,
                0.0016410991083830595,
                -0.027712510898709297,
                0.07707366347312927
            ],
            [
                -0.0015986504731699824,
                0.9999974966049194,
                0.0015538225416094065,
                -0.0001362556213280186
            ],
            [
                0.027714984491467476,
                -0.0015089205699041486,
                0.9996147155761719,
                -0.4680110216140747
            ],
            [
                0.0,
                0.0,
                0.0,
                1.0
            ]
        ]
    ],
    "average_pose": [
        [
            0.9925013325095966,
            0.006012620229461651,
            -0.12208584424351297,
            0.04645057420369041
        ],
        [
            -0.006580425247549091,
            0.9999693249313776,
            -0.004248199600555351,
            -0.033370478470007355
        ],
        [
            0.1220565564410059,
            0.005019720536146281,
            0.9925104530610761,
            -1.820391530732361
        ],
        [
            0.0,
            0.0,
            0.0,
            1.0
        ]
    ],
    "near": 1.0000000298023224,
    "far": 133.33334350585938,
    "near_ndc": 0.0,
    "far_ndc": 1.0
}