{
    "resolution": [
        576,
        1024
    ],
    "bounds": [
        1.3333333730697632,
        133.33334350585938
    ],
    "translation_scale": 1.3333333333333333,
    "train_frame_nums": [
        10,
        20,
        30
    ],
    "intrinsics": [
        [
            [
                525.3306884765625,
                0.0,
                512.0
            ],
            [
                0.0,
                525.3306884765625,
                288.0
            ],
            [
                0.0,
                0.0,
                1.0
            ]
        ],
        [
            [
                525.3306884765625,
                0.0,
                512.0
            ],
            [
                0.0,
                525.3306884765625,
                288.0
            ],
            [
                0.0,
                0.0,
                1.0
            ]
        ],
        [
            [
                525.3306884765625,
                0.0,
                512.0
            ],
            [
                0.0,
                525.3306884765625,
                288.0
            ],
            [
                0.0,
                0.0,
                1.0
            ]
        ]
    ],
    "extrinsics": [
        [
            [
                0.9999306201934814,
                -0.0015472827944904566,
                -0.011674133129417896,
                0.038304802030324936
            ],
            [
                0.0014947063755244017,
                0.9999886751174927,
                -0.004510953556746244,
                -0.10661353170871735
            ],
            [
                0.011680985800921917,
                0.004493190906941891,
                0.9999216794967651,
                0.4220677614212036
            ],
            [
                0.0,
                0.0,
                0.0,
                1.0
            ]
        ],
        [
            [
                0.9999937415122986,
                0.0009310943423770368,
                -0.003411155426874757,
                0.012381605803966522
            ],
            [
                -0.0009240969666279852,
                0.9999974370002747,
                0.0020523429848253727,
                -0.005952299572527409
            ],
            [
                0.0034130581188946962,
                -0.002049177885055542,
                0.9999920725822449,
                -0.02554297260940075
            ],
            [
                0.0,
                0.0,
                0.0,
                1.0
            ]
        ],
        [
            [
                0.9998860359191895,
                0.0006161873461678624,
                0.015085294842720032,
                -0.05068645626306534
            ],
            [
                -0.0006533486302942038,
                0.9999967217445374,
                0.0024586108047515154,
                0.11256591230630875
            ],
            [
                -0.015083730220794678,
                -0.0024681859649717808,
                0.9998831748962402,
                -0.396524578332901
            ],
            [
                0.0,
                0.0,
                0.0,
                1.0
            ]
        ]
    ],
    "average_pose": [
        [
            0.9983392586206512,
            0.02665512439579372,
            -0.05107082376674102,
            0.25723600344496367
        ],
        [
            -0.027214345376609335,
            0.99957670050286,
            -0.01028587466082407,
            -0.6024977355744634
        ],
        [
            0.0507750342441182,
            0.01165865151980808,
            0.9986420638758653,
            -6.635975488839589
        ],
        [
            0.0,
            0.0,
            0.0,
            1.0
        ]
    ],
    "near": 1.0000000298023224,
    "far": 133.33334350585938,
    "near_ndc": 0.0,
    "far_ndc": 1.0,
    "bounding_box": [
        [
            -1.5,
            -1.67,
            -1.0
        ],
        [
            1.5,
            1.67,
            1.0
        ]
    ]
}