{
    "resolution": [
        756,
        1008
    ],
    "bounds": [
        1.3333333333333333,
        12.5144196833525
    ],
    "translation_scale": 0.056249675135885094,
    "train_frame_nums": [
        7,
        17,
        26
    ],
    "intrinsics": [
        [
            [
                893.7646484375,
                0.0,
                504.0
            ],
            [
                0.0,
                893.7646484375,
                378.0
            ],
            [
                0.0,
                0.0,
                1.0
            ]
        ],
        [
            [
                893.7646484375,
                0.0,
                504.0
            ],
            [
                0.0,
                893.7646484375,
                378.0
            ],
            [
                0.0,
                0.0,
                1.0
            ]
        ],
        [
            [
                893.7646484375,
                0.0,
                504.0
            ],
            [
                0.0,
                893.7646484375,
                378.0
            ],
            [
                0.0,
                0.0,
                1.0
            ]
        ]
    ],
    "extrinsics": [
        [
            [
                0.9996120929718018,
                -0.004690559580922127,
                -0.027453985065221786,
                0.10595881938934326
            ],
            [
                0.004135945811867714,
                0.999786913394928,
                -0.020223606377840042,
                0.14789152145385742
            ],
            [
                0.027542995288968086,
                0.020102212205529213,
                0.9994184970855713,
                -0.03752310574054718
            ],
            [
                0.0,
                0.0,
                0.0,
                1.0
            ]
        ],
        [
            [
                0.9971473813056946,
                -0.0014350368874147534,
                0.07546519488096237,
                -0.30722132325172424
            ],
            [
                0.0009719519875943661,
                0.9999804496765137,
                0.006172771565616131,
                -0.02938172221183777
            ],
            [
                -0.07547257840633392,
                -0.006081814877688885,
                0.9971293210983276,
                -0.0015670041320845485
            ],
            [
                0.0,
                0.0,
                0.0,
                1.0
            ]
        ],
        [
            [
                0.9988279938697815,
                0.006125596351921558,
                -0.048011213541030884,
                0.20126250386238098
            ],
            [
                -0.005456698127090931,
                0.9998863935470581,
                0.014050833880901337,
                -0.11850979179143906
            ],
            [
                0.0480918288230896,
                -0.013772384263575077,
                0.9987479448318481,
                0.0390901081264019
            ],
            [
                0.0,
                0.0,
                0.0,
                1.0
            ]
        ]
    ],
    "average_pose": [
        [
            0.999727976206691,
            0.007967594746839453,
            -0.021920105465625336,
            -0.08061323511350117
        ],
        [
            -0.007712729252848805,
            0.9999019579890606,
            0.011687096179768982,
            -0.012862764158393047
        ],
        [
            0.022011074420533218,
            -0.011514853172883133,
            0.9996914127665901,
            0.0083469624361496
        ],
        [
            0.0,
            0.0,
            0.0,
            1.0
        ]
    ],
    "near": 1.0,
    "far": 12.5144196833525,
    "near_ndc": 0.0,
    "far_ndc": 1.0,
    "bounding_box": [
        [
            -1.5,
            -1.67,
            -1.0
        ],
        [
            1.5,
            1.67,
            1.0
        ]
    ]
}